unsigned char samples_dsound_sample_assets_ringingsound_pcm[] = {
  0xaa, 0x06, 0xa4, 0x02, 0x00, 0xfe, 0xff, 0xf8, 0x0f, 0xf5, 0xa3, 0xf1,
  0x44, 0xf0, 0xf3, 0xf0, 0xb0, 0xf3, 0x4f, 0xf8, 0x2c, 0xfe, 0xb2, 0x04,
  0xf1, 0x0a, 0x6b, 0x10, 0x28, 0x13, 0x87, 0x14, 0x79, 0x12, 0x5e, 0x0e,
  0xb0, 0x07, 0xbe, 0xff, 0xa0, 0xf7, 0x44, 0xf0, 0xca, 0xea, 0x05, 0xe7,
  0x65, 0xe8, 0x79, 0xeb, 0xa3, 0xf1, 0xae, 0xf9, 0x27, 0x03, 0x50, 0x0c,
  0x87, 0x14, 0x58, 0x1a, 0xb7, 0x1b, 0x59, 0x1a, 0x3d, 0x16, 0xae, 0x0d,
  0xd6, 0x03, 0xfe, 0xf8, 0xe6, 0xee, 0x06, 0xe7, 0x8c, 0xe1, 0x2d, 0xe0,
  0xeb, 0xe2, 0xc3, 0xe9, 0xb1, 0xf3, 0x4e, 0xff, 0xf1, 0x0a, 0x3d, 0x16,
  0x16, 0x1d, 0x90, 0x22, 0x31, 0x21, 0x15, 0x1d, 0x86, 0x14, 0x67, 0x09,
  0xd8, 0xfc, 0x44, 0xf0, 0xa7, 0xe5, 0xce, 0xde, 0x12, 0xdc, 0x70, 0xdd,
  0xeb, 0xe2, 0x86, 0xed, 0x06, 0xfa, 0x59, 0x07, 0xd7, 0x13, 0x75, 0x1e,
  0xee, 0x23, 0x4c, 0x25, 0x90, 0x22, 0x58, 0x1a, 0x0c, 0x0f, 0xea, 0x01,
  0x60, 0xf4, 0x65, 0xe8, 0xcf, 0xde, 0xb3, 0xda, 0xb3, 0xda, 0xcf, 0xde,
  0x64, 0xe8, 0x5f, 0xf4, 0x41, 0x02, 0xbd, 0x0f, 0xb7, 0x1b, 0x90, 0x22,
  0xab, 0x26, 0x4d, 0x25, 0x75, 0x1e, 0xd8, 0x13, 0x59, 0x07, 0xae, 0xf9,
  0xd8, 0xec, 0xeb, 0xe2, 0x12, 0xdc, 0xb3, 0xda, 0x71, 0xdd, 0xa7, 0xe5,
  0x44, 0xf0, 0x04, 0xfd, 0x16, 0x0a, 0x3d, 0x16, 0x74, 0x1e, 0xef, 0x23,
  0xee, 0x23, 0xd3, 0x1f, 0x3d, 0x16, 0xa1, 0x0b, 0xf1, 0xfe, 0x01, 0xf3,
  0x64, 0xe8, 0x8c, 0xe1, 0x71, 0xdd, 0xcf, 0xde, 0x49, 0xe4, 0x87, 0xed,
  0xa7, 0xf8, 0x86, 0x04, 0xbc, 0x0f, 0x9c, 0x17, 0x15, 0x1d, 0xd3, 0x1f,
  0x15, 0x1d, 0x3d, 0x16, 0xae, 0x0d, 0x54, 0x03, 0xa7, 0xf8, 0x95, 0xef,
  0x65, 0xe8, 0x49, 0xe4, 0x49, 0xe4, 0x65, 0xe8, 0x37, 0xee, 0x98, 0xf6,
  0xea, 0xff, 0x0f, 0x09, 0x6b, 0x10, 0x3d, 0x16, 0x9b, 0x17, 0x9b, 0x17,
  0x28, 0x13, 0xff, 0x0c, 0xa3, 0x05, 0xa8, 0xfd, 0x41, 0xf6, 0xf4, 0xf0,
  0x87, 0xed, 0x28, 0xec, 0x36, 0xee, 0xa2, 0xf1, 0x48, 0xf7, 0x88, 0xfd,
  0xab, 0x03, 0x0f, 0x09, 0xff, 0x0c, 0x0d, 0x0f, 0x0d, 0x0f, 0xff, 0x0c,
  0x67, 0x09, 0x0a, 0x05, 0x65, 0x00, 0x29, 0xfc, 0xa6, 0xf8, 0x99, 0xf6,
  0xea, 0xf5, 0x99, 0xf6, 0x4f, 0xf8, 0xb5, 0xfa, 0xbe, 0xfd, 0x86, 0x00,
  0xd1, 0x02, 0x5a, 0x04, 0x09, 0x05, 0xde, 0x04, 0x2e, 0x04, 0xfc, 0x02,
  0x92, 0x01, 0x7b, 0x00, 0xa6, 0xff, 0x59, 0xff, 0x6f, 0xff, 0xe4, 0xff,
  0x7b, 0x00, 0xf4, 0x00, 0x25, 0x01, 0xe8, 0x00, 0x1b, 0x00, 0xf1, 0xfe,
  0x5c, 0xfd, 0xfe, 0xfb, 0xb5, 0xfa, 0x06, 0xfa, 0x5d, 0xfa, 0xa6, 0xfb,
  0xa9, 0xfd, 0x70, 0x00, 0x7f, 0x03, 0xab, 0x06, 0x0f, 0x09, 0xf1, 0x0a,
  0xf1, 0x0a, 0x67, 0x09, 0xaa, 0x06, 0x79, 0x02, 0xd4, 0xfd, 0xfe, 0xf8,
  0x5f, 0xf4, 0xa3, 0xf1, 0x44, 0xf0, 0xf4, 0xf0, 0xb0, 0xf3, 0x50, 0xf8,
  0x58, 0xfe, 0xde, 0x04, 0xf1, 0x0a, 0x6c, 0x10, 0xd7, 0x13, 0x87, 0x14,
  0x79, 0x12, 0xae, 0x0d, 0x59, 0x07, 0x90, 0xff, 0x48, 0xf7, 0x44, 0xf0,
  0xca, 0xea, 0x07, 0xe7, 0x65, 0xe8, 0x7a, 0xeb, 0xa3, 0xf1, 0x06, 0xfa,
  0x53, 0x03, 0xff, 0x0c, 0x87, 0x14, 0x58, 0x1a, 0x15, 0x1d, 0x58, 0x1a,
  0x3d, 0x16, 0xae, 0x0d, 0xab, 0x03, 0xa7, 0xf8, 0xe5, 0xee, 0x07, 0xe7,
  0x8c, 0xe1, 0x2e, 0xe0, 0xeb, 0xe2, 0xc3, 0xe9, 0xb1, 0xf3, 0x90, 0xff,
  0xa0, 0x0b, 0x3d, 0x16, 0x74, 0x1e, 0x8f, 0x22, 0x31, 0x21, 0x16, 0x1d,
  0x86, 0x14, 0x0f, 0x09, 0x81, 0xfc, 0x44, 0xf0, 0xa8, 0xe5, 0xcf, 0xde,
  0x12, 0xdc, 0x70, 0xdd, 0x49, 0xe4, 0x87, 0xed, 0x5d, 0xfa, 0xb1, 0x07,
  0xd8, 0x13, 0x74, 0x1e, 0xee, 0x23, 0x4d, 0x25, 0x90, 0x22, 0x58, 0x1a,
  0x0d, 0x0f, 0xa8, 0x01, 0x60, 0xf4, 0x65, 0xe8, 0xcf, 0xde, 0xb3, 0xda,
  0xb3, 0xda, 0xd0, 0xde, 0x65, 0xe8, 0x0f, 0xf5, 0x78, 0x02, 0xbc, 0x0f,
  0xb7, 0x1b, 0x8f, 0x22, 0xab, 0x26, 0x4d, 0x25, 0x74, 0x1e, 0xd7, 0x13,
  0x02, 0x07, 0x56, 0xf9, 0xd8, 0xec, 0xea, 0xe2, 0x12, 0xdc, 0xb4, 0xda,
  0x71, 0xdd, 0xa8, 0xe5, 0x44, 0xf0, 0x31, 0xfd, 0x6e, 0x0a, 0x3d, 0x16,
  0x74, 0x1e, 0xee, 0x23, 0xee, 0x23, 0x74, 0x1e, 0x3d, 0x16, 0xa0, 0x0b,
  0xc5, 0xfe, 0x52, 0xf2, 0x64, 0xe8, 0x8d, 0xe1, 0x70, 0xdd, 0xcf, 0xde,
  0x49, 0xe4, 0x87, 0xed, 0xff, 0xf8, 0xb2, 0x04, 0xbc, 0x0f, 0x9c, 0x17,
  0x15, 0x1d, 0xd2, 0x1f, 0x15, 0x1d, 0x3d, 0x16, 0xae, 0x0d, 0x28, 0x03,
  0xa7, 0xf8, 0x95, 0xef, 0x65, 0xe8, 0x49, 0xe4, 0x49, 0xe4, 0x65, 0xe8,
  0x36, 0xee, 0x99, 0xf6, 0x0b, 0x00, 0x0f, 0x09, 0x6b, 0x10, 0x3d, 0x16,
  0x9b, 0x17, 0x9c, 0x17, 0x28, 0x13, 0xff, 0x0c, 0x4c, 0x05, 0x87, 0xfd,
  0x42, 0xf6, 0xf3, 0xf0, 0x86, 0xed, 0x28, 0xec, 0x36, 0xee, 0xa3, 0xf1,
  0x49, 0xf7, 0x88, 0xfd, 0xab, 0x03, 0x10, 0x09, 0xff, 0x0c, 0x0d, 0x0f,
  0x5e, 0x0e, 0xff, 0x0c, 0x67, 0x09, 0x0a, 0x05, 0x5a, 0x00, 0x29, 0xfc,
  0xa7, 0xf8, 0x99, 0xf6, 0xe9, 0xf5, 0x99, 0xf6, 0x4f, 0xf8, 0xf7, 0xfa,
  0xbe, 0xfd, 0x87, 0x00, 0xd0, 0x02, 0x5b, 0x04, 0x09, 0x05, 0xde, 0x04,
  0x04, 0x04, 0xd0, 0x02, 0x92, 0x01, 0x70, 0x00, 0xae, 0xff, 0x64, 0xff,
  0x84, 0xff, 0xfb, 0xff, 0x91, 0x00, 0x0f, 0x01, 0x3b, 0x01, 0xe8, 0x00,
  0x16, 0x00, 0xdb, 0xfe, 0x5c, 0xfd, 0xd1, 0xfb, 0xb4, 0xfa, 0x06, 0xfa,
  0x5d, 0xfa, 0xa6, 0xfb, 0xa8, 0xfd, 0x7b, 0x00, 0xac, 0x03, 0xaa, 0x06,
  0x10, 0x09, 0xf1, 0x0a, 0xf1, 0x0a, 0x66, 0x09, 0xaa, 0x06, 0x78, 0x02,
  0xbf, 0xfd, 0xff, 0xf8, 0x60, 0xf4, 0xa2, 0xf1, 0x44, 0xf0, 0xf4, 0xf0,
  0xb0, 0xf3, 0x4f, 0xf8, 0x6e, 0xfe, 0x0a, 0x05, 0xa0, 0x0b, 0x6b, 0x10,
  0xd7, 0x13, 0x87, 0x14, 0x79, 0x12, 0xae, 0x0d, 0x5a, 0x07, 0x6f, 0xff,
  0x49, 0xf7, 0x44, 0xf0, 0xc3, 0xe9, 0x06, 0xe7, 0x65, 0xe8, 0x79, 0xeb,
  0xa3, 0xf1, 0x06, 0xfa, 0xab, 0x03, 0xff, 0x0c, 0x36, 0x15, 0x58, 0x1a,
  0x16, 0x1d, 0x58, 0x1a, 0x3e, 0x16, 0xae, 0x0d, 0x7f, 0x03, 0xa7, 0xf8,
  0x36, 0xee, 0xa7, 0xe5, 0x8c, 0xe1, 0x2e, 0xe0, 0xeb, 0xe2, 0xc3, 0xe9,
  0x60, 0xf4, 0xc4, 0xff, 0xa1, 0x0b, 0x3d, 0x16, 0x74, 0x1e, 0x8f, 0x22,
  0x31, 0x21, 0x16, 0x1d, 0x87, 0x14, 0x0f, 0x09, 0x56, 0xfc, 0x44, 0xf0,
  0xa7, 0xe5, 0xce, 0xde, 0x12, 0xdc, 0x70, 0xdd, 0x49, 0xe4, 0x36, 0xee,
  0x5d, 0xfa, 0x08, 0x08, 0x87, 0x14, 0x74, 0x1e, 0xee, 0x23, 0x4d, 0x25,
  0x8f, 0x22, 0x59, 0x1a, 0x0d, 0x0f, 0x66, 0x01, 0xb0, 0xf3, 0x65, 0xe8,
  0xcf, 0xde, 0xb3, 0xda, 0xb3, 0xda, 0xcf, 0xde, 0x64, 0xe8, 0x0f, 0xf5,
  0xd0, 0x02, 0x6b, 0x10, 0xb7, 0x1b, 0x90, 0x22, 0xab, 0x26, 0xee, 0x23,
  0x74, 0x1e, 0xd7, 0x13, 0xa9, 0x06, 0xfe, 0xf8, 0x29, 0xec, 0xea, 0xe2,
  0x12, 0xdc, 0xb4, 0xda, 0x70, 0xdd, 0xa7, 0xe5, 0x44, 0xf0, 0x88, 0xfd,
  0xf1, 0x0a, 0x3d, 0x16, 0x74, 0x1e, 0xee, 0x23, 0xee, 0x23, 0x74, 0x1e,
  0x3d, 0x16, 0xf1, 0x0a, 0x84, 0xfe, 0x52, 0xf2, 0x65, 0xe8, 0x8c, 0xe1,
  0x71, 0xdd, 0x2e, 0xe0, 0xa8, 0xe5, 0x37, 0xee, 0x56, 0xf9, 0xde, 0x04,
  0xbc, 0x0f, 0xfa, 0x18, 0x15, 0x1d, 0x74, 0x1e, 0x15, 0x1d, 0x3d, 0x16,
  0xff, 0x0c, 0xfb, 0x02, 0x4f, 0xf8, 0xe6, 0xee, 0x65, 0xe8, 0x4a, 0xe4,
  0x49, 0xe4, 0x64, 0xe8, 0x36, 0xee, 0xf1, 0xf6, 0x47, 0x00, 0x67, 0x09,
  0x6b, 0x10, 0x3d, 0x16, 0x9c, 0x17, 0x3e, 0x16, 0x28, 0x13, 0xff, 0x0c,
  0x4b, 0x05, 0x5c, 0xfd, 0x42, 0xf6, 0x44, 0xf0, 0x86, 0xed, 0x29, 0xec,
  0x36, 0xee, 0x52, 0xf2, 0xa0, 0xf7, 0xbe, 0xfd, 0xd7, 0x03, 0x0f, 0x09,
  0xff, 0x0c, 0x0d, 0x0f, 0x5e, 0x0e, 0x4f, 0x0c, 0x10, 0x09, 0xdd, 0x04,
  0x3c, 0x00, 0xfd, 0xfb, 0xa7, 0xf8, 0x99, 0xf6, 0xe9, 0xf5, 0x99, 0xf6,
  0x4f, 0xf8, 0xf6, 0xfa, 0xea, 0xfd, 0x9c, 0x00, 0xd0, 0x02, 0x5a, 0x04,
  0x09, 0x05, 0xdd, 0x04, 0x04, 0x04, 0xd0, 0x02, 0x7d, 0x01, 0x65, 0x00,
  0xa5, 0xff, 0x59, 0xff, 0x85, 0xff, 0xfb, 0xff, 0x91, 0x00, 0x0f, 0x01,
  0x3b, 0x01, 0xe9, 0x00, 0x1b, 0x00, 0xdb, 0xfe, 0x5c, 0xfd, 0xd2, 0xfb,
  0xb5, 0xfa, 0x05, 0xfa, 0x5d, 0xfa, 0xa6, 0xfb, 0xa8, 0xfd, 0x86, 0x00,
  0xab, 0x03, 0xa9, 0x06, 0x67, 0x09, 0xf2, 0x0a, 0xf1, 0x0a, 0x67, 0x09,
  0x52, 0x06, 0x78, 0x02, 0xa8, 0xfd, 0xa7, 0xf8, 0x5f, 0xf4, 0xa3, 0xf1,
  0x44, 0xf0, 0xf3, 0xf0, 0xb0, 0xf3, 0xa7, 0xf8, 0x99, 0xfe, 0x4b, 0x05,
  0xa1, 0x0b, 0x6b, 0x10, 0xd7, 0x13, 0x87, 0x14, 0x79, 0x12, 0xae, 0x0d,
  0x02, 0x07, 0x44, 0xff, 0x49, 0xf7, 0x95, 0xef, 0xc3, 0xe9, 0x06, 0xe7,
  0x65, 0xe8, 0x7a, 0xeb, 0xa2, 0xf1, 0x5e, 0xfa, 0xd7, 0x03, 0xff, 0x0c,
  0x36, 0x15, 0x59, 0x1a, 0x16, 0x1d, 0x58, 0x1a, 0x3e, 0x16, 0xae, 0x0d,
  0x53, 0x03, 0x50, 0xf8, 0x37, 0xee, 0xa8, 0xe5, 0x8c, 0xe1, 0x2d, 0xe0,
  0xeb, 0xe2, 0xca, 0xea, 0x5f, 0xf4, 0x00, 0x00, 0xa0, 0x0b, 0x3c, 0x16,
  0x74, 0x1e, 0x8f, 0x22, 0x31, 0x21, 0x15, 0x1d, 0xd8, 0x13, 0xb8, 0x08,
  0xfd, 0xfb, 0x94, 0xef, 0xa7, 0xe5, 0xcf, 0xde, 0x11, 0xdc, 0x70, 0xdd,
  0x48, 0xe4, 0x36, 0xee, 0xb5, 0xfa, 0x08, 0x08, 0x87, 0x14, 0x73, 0x1e,
  0xed, 0x23, 0x4d, 0x25, 0x90, 0x22, 0x59, 0x1a, 0x5e, 0x0e, 0x25, 0x01,
  0xb1, 0xf3, 0x06, 0xe7, 0xcf, 0xde, 0xb4, 0xda, 0xb4, 0xda, 0x2e, 0xe0,
  0x65, 0xe8, 0x0e, 0xf5, 0xfc, 0x02, 0x6b, 0x10, 0xb7, 0x1b, 0xee, 0x23,
  0xac, 0x26, 0xee, 0x23, 0x74, 0x1e, 0x29, 0x13, 0x52, 0x06, 0xa7, 0xf8,
  0x28, 0xec, 0x8c, 0xe1, 0x12, 0xdc, 0xb3, 0xda, 0x70, 0xdd, 0xa8, 0xe5,
  0xf3, 0xf0, 0xbf, 0xfd, 0xf1, 0x0a, 0x3d, 0x16, 0x74, 0x1e, 0xee, 0x23,
  0xee, 0x23, 0x74, 0x1e, 0x3c, 0x16, 0xf1, 0x0a, 0x42, 0xfe, 0x52, 0xf2,
  0x65, 0xe8, 0x8c, 0xe1, 0x70, 0xdd, 0x2d, 0xe0, 0xa7, 0xe5, 0x37, 0xee,
  0x57, 0xf9, 0x4b, 0x05, 0xbb, 0x0f, 0xfa, 0x18, 0x74, 0x1e, 0x74, 0x1e,
  0xb7, 0x1b, 0x3d, 0x16, 0xff, 0x0c, 0xa4, 0x02, 0x4f, 0xf8, 0xe6, 0xee,
  0x64, 0xe8, 0x49, 0xe4, 0x49, 0xe4, 0x65, 0xe8, 0xe5, 0xee, 0x48, 0xf7,
  0x70, 0x00, 0x67, 0x09, 0x1a, 0x11, 0x3d, 0x16, 0x9c, 0x17, 0x3d, 0x16,
  0x28, 0x13, 0x4f, 0x0c, 0x0a, 0x05, 0x30, 0xfd, 0xea, 0xf5, 0x44, 0xf0,
  0xd7, 0xec, 0x28, 0xec, 0x36, 0xee, 0x52, 0xf2, 0xa0, 0xf7, 0xd4, 0xfd,
  0x03, 0x04, 0x0f, 0x09, 0xff, 0x0c, 0x0d, 0x0f, 0x5e, 0x0e, 0x50, 0x0c,
  0x10, 0x09, 0xb3, 0x04, 0x26, 0x00, 0xfd, 0xfb, 0xa7, 0xf8, 0x99, 0xf6,
  0xea, 0xf5, 0x99, 0xf6, 0xa7, 0xf8, 0x22, 0xfb, 0xeb, 0xfd, 0xa7, 0x00,
  0xd0, 0x02, 0x5b, 0x04, 0x09, 0x05, 0xde, 0x04, 0x03, 0x04, 0xd0, 0x02,
  0x7c, 0x01, 0x5a, 0x00, 0x9b, 0xff, 0x59, 0xff, 0x85, 0xff, 0xfa, 0xff,
  0x91, 0x00, 0x0f, 0x01, 0x3b, 0x01, 0xe9, 0x00, 0x15, 0x00, 0xc5, 0xfe,
  0x5c, 0xfd, 0xd2, 0xfb, 0xb4, 0xfa, 0x06, 0xfa, 0x5c, 0xfa, 0xa6, 0xfb,
  0xbf, 0xfd, 0x9c, 0x00, 0xd6, 0x03, 0xa9, 0x06, 0x67, 0x09, 0xf1, 0x0a,
  0xf1, 0x0a, 0x67, 0x09, 0x52, 0x06, 0x58, 0x02, 0x88, 0xfd, 0xa7, 0xf8,
  0x60, 0xf4, 0xa3, 0xf1, 0x44, 0xf0, 0xf3, 0xf0, 0xb0, 0xf3, 0xa7, 0xf8,
  0xc5, 0xfe, 0x4b, 0x05, 0xa1, 0x0b, 0x6b, 0x10, 0xd8, 0x13, 0x87, 0x14,
  0x79, 0x12, 0xae, 0x0d, 0x01, 0x07, 0x17, 0xff, 0xf1, 0xf6, 0x95, 0xef,
  0xc3, 0xe9, 0x06, 0xe7, 0x64, 0xe8, 0x79, 0xeb, 0xa3, 0xf1, 0x5d, 0xfa,
  0x03, 0x04, 0xff, 0x0c, 0x36, 0x15, 0x59, 0x1a, 0x15, 0x1d, 0x59, 0x1a,
  0x36, 0x15, 0xff, 0x0c, 0xfc, 0x02, 0x4f, 0xf8, 0x36, 0xee, 0xa7, 0xe5,
  0x8b, 0xe1, 0x2e, 0xe0, 0x49, 0xe4, 0xca, 0xea, 0x60, 0xf4, 0x41, 0x00,
  0x50, 0x0c, 0x3c, 0x16, 0x74, 0x1e, 0x8f, 0x22, 0x31, 0x21, 0x15, 0x1d,
  0xd8, 0x13, 0x60, 0x08, 0xd1, 0xfb, 0x95, 0xef, 0xa7, 0xe5, 0xcf, 0xde,
  0x12, 0xdc, 0x71, 0xdd, 0x49, 0xe4, 0x37, 0xee, 0x22, 0xfb, 0x60, 0x08,
  0x87, 0x14, 0x75, 0x1e, 0xee, 0x23, 0x4d, 0x25, 0x90, 0x22, 0x59, 0x1a,
  0x5d, 0x0e, 0xd3, 0x00, 0x01, 0xf3, 0x06, 0xe7, 0xce, 0xde, 0x55, 0xd9,
  0xb4, 0xda, 0x2d, 0xe0, 0xc3, 0xe9, 0x93, 0xf5, 0x53, 0x03, 0x6c, 0x10,
  0xb7, 0x1b, 0xee, 0x23, 0xab, 0x26, 0xee, 0x23, 0x15, 0x1d, 0x28, 0x13,
  0x52, 0x06, 0xa7, 0xf8, 0x29, 0xec, 0x8c, 0xe1, 0x12, 0xdc, 0xb4, 0xda,
  0x71, 0xdd, 0xa7, 0xe5, 0xf4, 0xf0, 0x00, 0xfe, 0xf1, 0x0a, 0x3d, 0x16,
  0xd2, 0x1f, 0xee, 0x23, 0xee, 0x23, 0x74, 0x1e, 0x3d, 0x16, 0x6e, 0x0a,
  0x00, 0xfe, 0xa3, 0xf1, 0x05, 0xe7, 0x2e, 0xe0, 0x71, 0xdd, 0x2e, 0xe0,
  0xa8, 0xe5, 0x36, 0xee, 0xae, 0xf9, 0x4b, 0x05, 0x6b, 0x10, 0xfa, 0x18,
  0x74, 0x1e, 0x74, 0x1e, 0xb7, 0x1b, 0x3d, 0x16, 0x00, 0x0d, 0x78, 0x02,
  0xf8, 0xf7, 0xe5, 0xee, 0x64, 0xe8, 0x4a, 0xe4, 0x49, 0xe4, 0x65, 0xe8,
  0xe6, 0xee, 0x48, 0xf7, 0xa6, 0x00, 0x66, 0x09, 0x1b, 0x11, 0x3d, 0x16,
  0x9b, 0x17, 0x3d, 0x16, 0x7a, 0x12, 0x4f, 0x0c, 0xde, 0x04, 0x05, 0xfd,
  0xea, 0xf5, 0x44, 0xf0, 0xd8, 0xec, 0x29, 0xec, 0x37, 0xee, 0x52, 0xf2,
  0xa0, 0xf7, 0xea, 0xfd, 0x03, 0x04, 0x66, 0x09, 0xff, 0x0c, 0x0d, 0x0f,
  0x5d, 0x0e, 0x4f, 0x0c, 0x0f, 0x09, 0xb2, 0x04, 0x16, 0x00, 0xd2, 0xfb,
  0xa7, 0xf8, 0x99, 0xf6, 0xea, 0xf5, 0x9a, 0xf6, 0xa7, 0xf8, 0x22, 0xfb,
  0x00, 0xfe, 0xb1, 0x00, 0xd0, 0x02, 0x5a, 0x04, 0xde, 0x04, 0xb2, 0x04,
  0xd7, 0x03, 0xa4, 0x02, 0x7d, 0x01, 0x66, 0x00, 0xae, 0xff, 0x6f, 0xff,
  0x9b, 0xff, 0x16, 0x00, 0xa6, 0x00, 0x25, 0x01, 0x3a, 0x01, 0xdd, 0x00,
  0x00, 0x00, 0xaf, 0xfe, 0x30, 0xfd, 0xa5, 0xfb, 0x5d, 0xfa, 0x05, 0xfa,
  0x5d, 0xfa, 0xa5, 0xfb, 0xd4, 0xfd, 0xb2, 0x00, 0xd7, 0x03, 0x01, 0x07,
  0x67, 0x09, 0xf1, 0x0a, 0xf1, 0x0a, 0x66, 0x09, 0x52, 0x06, 0x2c, 0x02,
  0x5c, 0xfd, 0xa7, 0xf8, 0x60, 0xf4, 0xf3, 0xf0, 0x45, 0xf0, 0xf4, 0xf0,
  0xb0, 0xf3, 0xa7, 0xf8, 0xdb, 0xfe, 0xa2, 0x05, 0xa0, 0x0b, 0x1a, 0x11,
  0xd8, 0x13, 0x87, 0x14, 0x79, 0x12, 0xae, 0x0d, 0xaa, 0x06, 0xdb, 0xfe,
  0x99, 0xf6, 0x95, 0xef, 0xc3, 0xe9, 0x06, 0xe7, 0x65, 0xe8, 0x79, 0xeb,
  0x52, 0xf2, 0xb5, 0xfa, 0x2f, 0x04, 0xae, 0x0d, 0x36, 0x15, 0x58, 0x1a,
  0x15, 0x1d, 0x58, 0x1a, 0x36, 0x15, 0xff, 0x0c, 0xd0, 0x02, 0xf8, 0xf7,
  0x87, 0xed, 0xa8, 0xe5, 0x8c, 0xe1, 0x2d, 0xe0, 0x4a, 0xe4, 0xca, 0xea,
  0x0f, 0xf5, 0x87, 0x00, 0x50, 0x0c, 0x3d, 0x16, 0x74, 0x1e, 0x90, 0x22,
  0x31, 0x21, 0x15, 0x1d, 0xd8, 0x13, 0x60, 0x08, 0x7a, 0xfb, 0xe6, 0xee,
  0x49, 0xe4, 0x70, 0xdd, 0x12, 0xdc, 0x70, 0xdd, 0x48, 0xe4, 0xe6, 0xee,
  0x4e, 0xfb, 0xb7, 0x08, 0x36, 0x15, 0x74, 0x1e, 0xee, 0x23, 0x4d, 0x25,
  0x30, 0x21, 0xfa, 0x18, 0xaf, 0x0d, 0x91, 0x00, 0x01, 0xf3, 0x06, 0xe7,
  0xcf, 0xde, 0x54, 0xd9, 0xb3, 0xda, 0x2d, 0xe0, 0xc3, 0xe9, 0xea, 0xf5,
  0xab, 0x03, 0x1a, 0x11, 0xb7, 0x1b, 0xee, 0x23, 0xaa, 0x26, 0xef, 0x23,
  0x16, 0x1d, 0x28, 0x13, 0xfa, 0x05, 0x4f, 0xf8, 0x79, 0xeb, 0x8c, 0xe1,
  0x12, 0xdc, 0xb4, 0xda, 0x70, 0xdd, 0xa7, 0xe5, 0xf3, 0xf0, 0x42, 0xfe,
  0xa0, 0x0b, 0x3d, 0x16, 0xd2, 0x1f, 0xee, 0x23, 0xef, 0x23, 0x74, 0x1e,
  0x3d, 0x16, 0x6e, 0x0a, 0xd5, 0xfd, 0xa3, 0xf1, 0x06, 0xe7, 0x2d, 0xe0,
  0x70, 0xdd, 0x2e, 0xe0, 0xa7, 0xe5, 0xe6, 0xee, 0xae, 0xf9, 0xa3, 0x05,
  0x6b, 0x10, 0xfa, 0x18, 0x73, 0x1e, 0x74, 0x1e, 0xb7, 0x1b, 0x3d, 0x16,
  0xff, 0x0c, 0x58, 0x02, 0xf8, 0xf7, 0xe5, 0xee, 0x64, 0xe8, 0x49, 0xe4,
  0x49, 0xe4, 0x65, 0xe8, 0xe5, 0xee, 0x48, 0xf7, 0xbd, 0x00, 0xbf, 0x09,
  0x1b, 0x11, 0x3d, 0x16, 0x9c, 0x17, 0x3d, 0x16, 0x78, 0x12, 0x4f, 0x0c,
  0xdd, 0x04, 0x04, 0xfd, 0xea, 0xf5, 0x44, 0xf0, 0xd8, 0xec, 0xd8, 0xec,
  0x36, 0xee, 0x52, 0xf2, 0xf7, 0xf7, 0x17, 0xfe, 0x2e, 0x04, 0x67, 0x09,
  0xff, 0x0c, 0x0d, 0x0f, 0x5d, 0x0e, 0x50, 0x0c, 0x0f, 0x09, 0x86, 0x04,
  0x05, 0x00, 0xd1, 0xfb, 0xa7, 0xf8, 0x9a, 0xf6, 0xea, 0xf5, 0xf1, 0xf6,
  0xa7, 0xf8, 0x22, 0xfb, 0x00, 0xfe, 0xbd, 0x00, 0xfc, 0x02, 0x5a, 0x04,
  0xde, 0x04, 0xb2, 0x04, 0xd7, 0x03, 0xa4, 0x02, 0x66, 0x01, 0x5a, 0x00,
  0xa6, 0xff, 0x6f, 0xff, 0x9b, 0xff, 0x1b, 0x00, 0xb2, 0x00, 0x24, 0x01,
  0x3b, 0x01, 0xe9, 0x00, 0x05, 0x00, 0xaf, 0xfe, 0x30, 0xfd, 0xa6, 0xfb,
  0x5d, 0xfa, 0x05, 0xfa, 0x5d, 0xfa, 0xa5, 0xfb, 0xd4, 0xfd, 0xbd, 0x00,
  0xd7, 0x03, 0x02, 0x07, 0x67, 0x09, 0xf2, 0x0a, 0xf1, 0x0a, 0x67, 0x09,
  0x53, 0x06, 0x2c, 0x02, 0x5c, 0xfd, 0x4f, 0xf8, 0x60, 0xf4, 0xf3, 0xf0,
  0x44, 0xf0, 0xf3, 0xf0, 0xb0, 0xf3, 0xff, 0xf8, 0xf2, 0xfe, 0xa2, 0x05,
  0xa0, 0x0b, 0x1a, 0x11, 0xd8, 0x13, 0x86, 0x14, 0x79, 0x12, 0xad, 0x0d,
  0xaa, 0x06, 0xc5, 0xfe, 0x99, 0xf6, 0x95, 0xef, 0xc3, 0xe9, 0x05, 0xe7,
  0x64, 0xe8, 0x79, 0xeb, 0x52, 0xf2, 0xb5, 0xfa, 0x5b, 0x04, 0xae, 0x0d,
  0x36, 0x15, 0x58, 0x1a, 0x16, 0x1d, 0x59, 0x1a, 0x36, 0x15, 0xff, 0x0c,
  0xa4, 0x02, 0xa0, 0xf7, 0x87, 0xed, 0xa8, 0xe5, 0x8c, 0xe1, 0x2d, 0xe0,
  0x49, 0xe4, 0xca, 0xea, 0x0f, 0xf5, 0xb2, 0x00, 0x4f, 0x0c, 0x3c, 0x16,
  0x74, 0x1e, 0x90, 0x22, 0x31, 0x21, 0xb7, 0x1b, 0xd8, 0x13, 0x09, 0x08,
  0x4f, 0xfb, 0xe5, 0xee, 0x49, 0xe4, 0x70, 0xdd, 0x12, 0xdc, 0x70, 0xdd,
  0x49, 0xe4, 0xe5, 0xee, 0x7a, 0xfb, 0xb8, 0x08, 0x36, 0x15, 0x75, 0x1e,
  0xee, 0x23, 0x4d, 0x25, 0x31, 0x21, 0xfa, 0x18, 0xae, 0x0d, 0x65, 0x00,
  0x01, 0xf3, 0x06, 0xe7, 0xcf, 0xde, 0x55, 0xd9, 0xb4, 0xda, 0x2d, 0xe0,
  0xc3, 0xe9, 0xea, 0xf5, 0xd7, 0x03, 0x1a, 0x11, 0xb7, 0x1b, 0xed, 0x23,
  0xac, 0x26, 0xee, 0x23, 0x15, 0x1d, 0x7a, 0x12, 0xa3, 0x05, 0xf7, 0xf7,
  0x79, 0xeb, 0x8c, 0xe1, 0x11, 0xdc, 0xb4, 0xda, 0xce, 0xde, 0xa7, 0xe5,
  0xa2, 0xf1, 0x6e, 0xfe, 0xa0, 0x0b, 0x9c, 0x17, 0xd2, 0x1f, 0xee, 0x23,
  0x8f, 0x22, 0x74, 0x1e, 0x3d, 0x16, 0x16, 0x0a, 0x87, 0xfd, 0xa2, 0xf1,
  0x06, 0xe7, 0x2e, 0xe0, 0xce, 0xde, 0x2e, 0xe0, 0xa7, 0xe5, 0xe6, 0xee,
  0x05, 0xfa, 0xa3, 0x05, 0x6c, 0x10, 0xfa, 0x18, 0x74, 0x1e, 0x74, 0x1e,
  0xb7, 0x1b, 0x3d, 0x16, 0x50, 0x0c, 0x2c, 0x02, 0xa0, 0xf7, 0xe5, 0xee,
  0x65, 0xe8, 0x49, 0xe4, 0x49, 0xe4, 0x64, 0xe8, 0xe5, 0xee, 0xa0, 0xf7,
  0xe8, 0x00, 0xbe, 0x09, 0x1a, 0x11, 0x3d, 0x16, 0x9b, 0x17, 0x3d, 0x16,
  0x79, 0x12, 0x51, 0x0c, 0xb1, 0x04, 0xd8, 0xfc, 0xea, 0xf5, 0x44, 0xf0,
  0xd8, 0xec, 0xd7, 0xec, 0x37, 0xee, 0x52, 0xf2, 0xf8, 0xf7, 0x2c, 0xfe,
  0x2e, 0x04, 0x67, 0x09, 0xfe, 0x0c, 0x5e, 0x0e, 0x5d, 0x0e, 0x50, 0x0c,
  0xb7, 0x08, 0x86, 0x04, 0xf5, 0xff, 0xd2, 0xfb, 0xa7, 0xf8, 0x99, 0xf6,
  0xea, 0xf5, 0xf1, 0xf6, 0xa7, 0xf8, 0x4e, 0xfb, 0x15, 0xfe, 0xbd, 0x00,
  0xfc, 0x02, 0x5a, 0x04, 0xde, 0x04, 0xb2, 0x04, 0xd7, 0x03, 0xa4, 0x02,
  0x67, 0x01, 0x5b, 0x00, 0xa6, 0xff, 0x70, 0xff, 0xa6, 0xff, 0x26, 0x00,
  0xbd, 0x00, 0x25, 0x01, 0x50, 0x01, 0xe9, 0x00, 0x00, 0x00, 0xaf, 0xfe,
  0x30, 0xfd, 0xa6, 0xfb, 0x5d, 0xfa, 0x06, 0xfa, 0x5d, 0xfa, 0xa6, 0xfb,
  0xeb, 0xfd, 0xc8, 0x00, 0x03, 0x04, 0x01, 0x07, 0x67, 0x09, 0xf1, 0x0a,
  0xf1, 0x0a, 0x67, 0x09, 0x52, 0x06, 0x16, 0x02, 0x30, 0xfd, 0x50, 0xf8,
  0x60, 0xf4, 0xf3, 0xf0, 0x44, 0xf0, 0xf4, 0xf0, 0x5f, 0xf4, 0xfe, 0xf8,
  0x17, 0xff, 0xa3, 0x05, 0xa1, 0x0b, 0x1a, 0x11, 0xd7, 0x13, 0x87, 0x14,
  0x79, 0x12, 0xae, 0x0d, 0xaa, 0x06, 0x99, 0xfe, 0x99, 0xf6, 0x95, 0xef,
  0xc3, 0xe9, 0x06, 0xe7, 0x64, 0xe8, 0x79, 0xeb, 0x51, 0xf2, 0xf6, 0xfa,
  0x86, 0x04, 0xae, 0x0d, 0x3d, 0x16, 0x58, 0x1a, 0x16, 0x1d, 0x58, 0x1a,
  0x36, 0x15, 0xff, 0x0c, 0x78, 0x02, 0xa0, 0xf7, 0x87, 0xed, 0xa7, 0xe5,
  0x8c, 0xe1, 0x2e, 0xe0, 0x49, 0xe4, 0xca, 0xea, 0x0f, 0xf5, 0xde, 0x00,
  0xff, 0x0c, 0x9c, 0x17, 0x74, 0x1e, 0x8f, 0x22, 0x31, 0x21, 0xb7, 0x1b,
  0x28, 0x13, 0xb1, 0x07, 0x23, 0xfb, 0xe6, 0xee, 0x49, 0xe4, 0x70, 0xdd,
  0x12, 0xdc, 0x71, 0xdd, 0x49, 0xe4, 0xe6, 0xee, 0xd1, 0xfb, 0x0f, 0x09,
  0x36, 0x15, 0x74, 0x1e, 0x4d, 0x25, 0x4d, 0x25, 0x31, 0x21, 0xfa, 0x18,
  0xae, 0x0d, 0x20, 0x00, 0x52, 0xf2, 0x06, 0xe7, 0xcf, 0xde, 0x55, 0xd9,
  0xb3, 0xda, 0x2d, 0xe0, 0xc3, 0xe9, 0x42, 0xf6, 0x03, 0x04, 0x1a, 0x11,
  0xb6, 0x1b, 0xee, 0x23, 0xab, 0x26, 0xee, 0x23, 0x16, 0x1d, 0x79, 0x12,
  0xa3, 0x05, 0xf7, 0xf7, 0x79, 0xeb, 0x8c, 0xe1, 0x12, 0xdc, 0xb3, 0xda,
  0xcf, 0xde, 0x06, 0xe7, 0xa3, 0xf1, 0xb0, 0xfe, 0xa1, 0x0b, 0x9b, 0x17,
  0xd2, 0x1f, 0xed, 0x23, 0x90, 0x22, 0x74, 0x1e, 0x36, 0x15, 0x16, 0x0a,
  0x5c, 0xfd, 0xa2, 0xf1, 0x06, 0xe7, 0x2d, 0xe0, 0x70, 0xdd, 0x2d, 0xe0,
  0xa8, 0xe5, 0xe5, 0xee, 0x5d, 0xfa, 0xfb, 0x05, 0x6b, 0x10, 0xfa, 0x18,
  0x74, 0x1e, 0x75, 0x1e, 0xb7, 0x1b, 0x36, 0x15, 0x50, 0x0c, 0xea, 0x01,
  0xa0, 0xf7, 0x36, 0xee, 0x65, 0xe8, 0x49, 0xe4, 0x49, 0xe4, 0x64, 0xe8,
  0x94, 0xef, 0xf8, 0xf7, 0x0f, 0x01, 0x16, 0x0a, 0x1b, 0x11, 0x3d, 0x16,
  0x9b, 0x17, 0x3d, 0x16, 0x7a, 0x12, 0x4f, 0x0c, 0x86, 0x04, 0xad, 0xfc,
  0x92, 0xf5, 0x44, 0xf0, 0xd8, 0xec, 0xd7, 0xec, 0x36, 0xee, 0x52, 0xf2,
  0xf8, 0xf7, 0x42, 0xfe, 0x5a, 0x04, 0x67, 0x09, 0xff, 0x0c, 0x5d, 0x0e,
  0x5e, 0x0e, 0x50, 0x0c, 0xb8, 0x08, 0x5a, 0x04, 0xda, 0xff, 0xd1, 0xfb,
  0xa7, 0xf8, 0x99, 0xf6, 0x41, 0xf6, 0xf1, 0xf6, 0xa7, 0xf8, 0x4e, 0xfb,
  0x2c, 0xfe, 0xd3, 0x00, 0xfc, 0x02, 0x5b, 0x04, 0xde, 0x04, 0x86, 0x04,
  0xab, 0x03, 0xa4, 0x02, 0x50, 0x01, 0x4c, 0x00, 0xa6, 0xff, 0x7a, 0xff,
  0xb4, 0xff, 0x36, 0x00, 0xd3, 0x00, 0x3a, 0x01, 0x50, 0x01, 0xe8, 0x00,
  0xfb, 0xff, 0x9a, 0xfe, 0x04, 0xfd, 0x79, 0xfb, 0x5d, 0xfa, 0x06, 0xfa,
  0x5e, 0xfa, 0xa6, 0xfb, 0xea, 0xfd, 0xd3, 0x00, 0x03, 0x04, 0x02, 0x07,
  0xbe, 0x09, 0xf1, 0x0a, 0xf1, 0x0a, 0x67, 0x09, 0x52, 0x06, 0x00, 0x02,
  0x2f, 0xfd, 0x4f, 0xf8, 0xb1, 0xf3, 0xf3, 0xf0, 0x44, 0xf0, 0xf3, 0xf0,
  0x60, 0xf4, 0xfe, 0xf8, 0x2d, 0xff, 0xfb, 0x05, 0x4f, 0x0c, 0x1a, 0x11,
  0xd7, 0x13, 0x87, 0x14, 0xca, 0x11, 0xfe, 0x0c, 0x52, 0x06, 0x84, 0xfe,
  0x42, 0xf6, 0xe6, 0xee, 0xc2, 0xe9, 0x06, 0xe7, 0x64, 0xe8, 0x79, 0xeb,
  0x52, 0xf2, 0x22, 0xfb, 0xb2, 0x04, 0xae, 0x0d, 0x3d, 0x16, 0x58, 0x1a,
  0x15, 0x1d, 0x59, 0x1a, 0x36, 0x15, 0x4f, 0x0c, 0x41, 0x02, 0x49, 0xf7,
  0x87, 0xed, 0xa7, 0xe5, 0x8c, 0xe1, 0x2e, 0xe0, 0x48, 0xe4, 0x7a, 0xeb,
  0x0f, 0xf5, 0x0f, 0x01, 0xff, 0x0c, 0x9c, 0x17, 0x74, 0x1e, 0x90, 0x22,
  0x31, 0x21, 0xb7, 0x1b, 0x28, 0x13, 0xb0, 0x07, 0xf6, 0xfa, 0xe6, 0xee,
  0x49, 0xe4, 0x71, 0xdd, 0x12, 0xdc, 0x71, 0xdd, 0x49, 0xe4, 0x95, 0xef,
  0xfd, 0xfb, 0x67, 0x09, 0x3d, 0x16, 0x74, 0x1e, 0x4d, 0x25, 0x4d, 0x25,
  0x32, 0x21, 0xf9, 0x18, 0xae, 0x0d, 0xe5, 0xff, 0x52, 0xf2, 0x06, 0xe7,
  0x70, 0xdd, 0x55, 0xd9, 0xb3, 0xda, 0x2e, 0xe0, 0xc3, 0xe9, 0x9a, 0xf6,
  0x5a, 0x04, 0xca, 0x11, 0x16, 0x1d, 0xee, 0x23, 0xac, 0x26, 0xee, 0x23,
  0x15, 0x1d, 0x79, 0x12, 0x4b, 0x05, 0xa0, 0xf7, 0x79, 0xeb, 0x8c, 0xe1,
  0x12, 0xdc, 0xb3, 0xda, 0xcf, 0xde, 0x06, 0xe7, 0xa3, 0xf1, 0xdb, 0xfe,
  0xa1, 0x0b, 0x9c, 0x17, 0xd3, 0x1f, 0xee, 0x23, 0x8f, 0x22, 0x74, 0x1e,
  0x36, 0x15, 0xbe, 0x09, 0x30, 0xfd, 0xf3, 0xf0, 0x05, 0xe7, 0x2d, 0xe0,
  0xcf, 0xde, 0x2e, 0xe0, 0xa8, 0xe5, 0x94, 0xef, 0x5d, 0xfa, 0xfa, 0x05,
  0x6b, 0x10, 0xfa, 0x18, 0x74, 0x1e, 0x74, 0x1e, 0xb7, 0x1b, 0x36, 0x15,
  0x4f, 0x0c, 0xd4, 0x01, 0x48, 0xf7, 0x36, 0xee, 0x65, 0xe8, 0x49, 0xe4,
  0xa8, 0xe5, 0x65, 0xe8, 0x95, 0xef, 0xf8, 0xf7, 0x3b, 0x01, 0x16, 0x0a,
  0x1b, 0x11, 0x3d, 0x16, 0x9c, 0x17, 0x3d, 0x16, 0x79, 0x12, 0xa0, 0x0b,
  0x5b, 0x04, 0xac, 0xfc, 0x92, 0xf5, 0x44, 0xf0, 0x86, 0xed, 0xd8, 0xec,
  0xe6, 0xee, 0x01, 0xf3, 0x4f, 0xf8, 0x58, 0xfe, 0x5a, 0x04, 0x66, 0x09,
  0xff, 0x0c, 0x5e, 0x0e, 0x5d, 0x0e, 0x4f, 0x0c, 0xb8, 0x08, 0x5a, 0x04,
  0xd4, 0xff, 0xd2, 0xfb, 0xa7, 0xf8, 0x99, 0xf6, 0x42, 0xf6, 0xf1, 0xf6,
  0xfe, 0xf8, 0x4e, 0xfb, 0x2c, 0xfe, 0xc8, 0x00, 0xd0, 0x02, 0x2e, 0x04,
  0xb2, 0x04, 0x86, 0x04, 0xaa, 0x03, 0x78, 0x02, 0x51, 0x01, 0x52, 0x00,
  0xb3, 0xff, 0x85, 0xff, 0xc4, 0xff, 0x47, 0x00, 0xde, 0x00, 0x3a, 0x01,
  0x50, 0x01, 0xe8, 0x00, 0xf0, 0xff, 0x9a, 0xfe, 0x05, 0xfd, 0x7a, 0xfb,
  0x5d, 0xfa, 0x06, 0xfa, 0x5d, 0xfa, 0xa5, 0xfb, 0x01, 0xfe, 0xe9, 0x00,
  0x2f, 0x04, 0x59, 0x07, 0xbe, 0x09, 0xf1, 0x0a, 0xf1, 0x0a, 0x67, 0x09,
  0x52, 0x06, 0xea, 0x01, 0x04, 0xfd, 0xf8, 0xf7, 0xb0, 0xf3, 0xf4, 0xf0,
  0x45, 0xf0, 0xf3, 0xf0, 0x60, 0xf4, 0xff, 0xf8, 0x4f, 0xff, 0xfa, 0x05,
  0x50, 0x0c, 0x1a, 0x11, 0xd8, 0x13, 0x87, 0x14, 0xca, 0x11, 0x00, 0x0d,
  0x52, 0x06, 0x58, 0xfe, 0x41, 0xf6, 0xe5, 0xee, 0xc3, 0xe9, 0x06, 0xe7,
  0x64, 0xe8, 0x29, 0xec, 0x51, 0xf2, 0x4e, 0xfb, 0xdd, 0x04, 0x5d, 0x0e,
  0x3c, 0x16, 0x58, 0x1a, 0x16, 0x1d, 0x59, 0x1a, 0x37, 0x15, 0x4f, 0x0c,
  0x15, 0x02, 0x49, 0xf7, 0x87, 0xed, 0xa8, 0xe5, 0x8c, 0xe1, 0x2d, 0xe0,
  0x49, 0xe4, 0x79, 0xeb, 0x92, 0xf5, 0x51, 0x01, 0xff, 0x0c, 0x9c, 0x17,
  0x75, 0x1e, 0x8f, 0x22, 0x31, 0x21, 0xb7, 0x1b, 0x29, 0x13, 0x59, 0x07,
  0xb5, 0xfa, 0x36, 0xee, 0x49, 0xe4, 0x70, 0xdd, 0x12, 0xdc, 0x71, 0xdd,
  0x49, 0xe4, 0x95, 0xef, 0x29, 0xfc, 0x67, 0x09, 0x3d, 0x16, 0xd2, 0x1f,
  0x4d, 0x25, 0x4d, 0x25, 0x31, 0x21, 0xfa, 0x18, 0x00, 0x0d, 0xb3, 0xff,
  0x52, 0xf2, 0x06, 0xe7, 0x70, 0xdd, 0x54, 0xd9, 0xb4, 0xda, 0x2e, 0xe0,
  0xc3, 0xe9, 0x9a, 0xf6, 0x86, 0x04, 0xca, 0x11, 0x15, 0x1d, 0xee, 0x23,
  0xab, 0x26, 0xee, 0x23, 0x16, 0x1d, 0xca, 0x11, 0x0a, 0x05, 0x49, 0xf7,
  0xca, 0xea, 0x8c, 0xe1, 0x12, 0xdc, 0xb3, 0xda, 0xce, 0xde, 0x06, 0xe7,
  0x52, 0xf2, 0x18, 0xff, 0x50, 0x0c, 0x9c, 0x17, 0xd3, 0x1f, 0xee, 0x23,
  0x8f, 0x22, 0x74, 0x1e, 0x36, 0x15, 0x67, 0x09, 0x04, 0xfd, 0xf4, 0xf0,
  0x07, 0xe7, 0x2e, 0xe0, 0xcf, 0xde, 0x2d, 0xe0, 0xa7, 0xe5, 0x95, 0xef,
  0xb5, 0xfa, 0x52, 0x06, 0x1a, 0x11, 0xfb, 0x18, 0x74, 0x1e, 0x74, 0x1e,
  0xb8, 0x1b, 0x36, 0x15, 0x4f, 0x0c, 0xa8, 0x01, 0x49, 0xf7, 0x35, 0xee,
  0x65, 0xe8, 0x49, 0xe4, 0xa8, 0xe5, 0x65, 0xe8, 0x94, 0xef, 0xf7, 0xf7,
  0x51, 0x01, 0x16, 0x0a, 0x1b, 0x11, 0x3e, 0x16, 0x9b, 0x17, 0x3c, 0x16,
  0x79, 0x12, 0xa0, 0x0b, 0x5b, 0x04, 0x81, 0xfc, 0x92, 0xf5, 0x44, 0xf0,
  0x87, 0xed, 0xd8, 0xec, 0xe5, 0xee, 0x01, 0xf3, 0x4f, 0xf8, 0x6d, 0xfe,
  0x5a, 0x04, 0x67, 0x09, 0xff, 0x0c, 0x5e, 0x0e, 0x5e, 0x0e, 0x4f, 0x0c,
  0xb8, 0x08, 0x5a, 0x04, 0xcf, 0xff, 0xd1, 0xfb, 0xa7, 0xf8, 0x99, 0xf6,
  0x41, 0xf6, 0xf0, 0xf6, 0xff, 0xf8, 0x4d, 0xfb, 0x2c, 0xfe, 0xc8, 0x00,
  0xd0, 0x02, 0x2e, 0x04, 0xb2, 0x04, 0x86, 0x04, 0xab, 0x03, 0x78, 0x02,
  0x51, 0x01, 0x5a, 0x00, 0xbe, 0xff, 0x90, 0xff, 0xcf, 0xff, 0x52, 0x00,
  0xde, 0x00, 0x3a, 0x01, 0x51, 0x01, 0xd2, 0x00, 0xdf, 0xff, 0x83, 0xfe,
  0xd8, 0xfc, 0x7a, 0xfb, 0x5d, 0xfa, 0x06, 0xfa, 0x5d, 0xfa, 0xa6, 0xfb,
  0x00, 0xfe, 0xff, 0x00, 0x2f, 0x04, 0x59, 0x07, 0xbe, 0x09, 0xf1, 0x0a,
  0xf1, 0x0a, 0x10, 0x09, 0xfb, 0x05, 0xd4, 0x01, 0xd8, 0xfc, 0xf7, 0xf7,
  0xb0, 0xf3, 0xf3, 0xf0, 0x44, 0xf0, 0xf3, 0xf0, 0x5f, 0xf4, 0x55, 0xf9,
  0x6f, 0xff, 0xfb, 0x05, 0x50, 0x0c, 0x1b, 0x11, 0xd7, 0x13, 0x87, 0x14,
  0xca, 0x11, 0xff, 0x0c, 0x52, 0x06, 0x2c, 0xfe, 0xea, 0xf5, 0xe5, 0xee,
  0xc3, 0xe9, 0x06, 0xe7, 0x65, 0xe8, 0x28, 0xec, 0x01, 0xf3, 0x4e, 0xfb,
  0x0a, 0x05, 0x5e, 0x0e, 0x3d, 0x16, 0x58, 0x1a, 0x16, 0x1d, 0x59, 0x1a,
  0x86, 0x14, 0x50, 0x0c, 0xea, 0x01, 0xf1, 0xf6, 0xd8, 0xec, 0xa8, 0xe5,
  0x8c, 0xe1, 0x2e, 0xe0, 0x49, 0xe4, 0x79, 0xeb, 0x92, 0xf5, 0x7c, 0x01,
  0xff, 0x0c, 0x9c, 0x17, 0x74, 0x1e, 0x90, 0x22, 0x31, 0x21, 0xb7, 0x1b,
  0x28, 0x13, 0x59, 0x07, 0x5d, 0xfa, 0x36, 0xee, 0x49, 0xe4, 0x71, 0xdd,
  0x12, 0xdc, 0x70, 0xdd, 0xa8, 0xe5, 0x95, 0xef, 0x55, 0xfc, 0xbe, 0x09,
  0x3d, 0x16, 0xd2, 0x1f, 0x4c, 0x25, 0x4d, 0x25, 0x31, 0x21, 0xfa, 0x18,
  0xff, 0x0c, 0x84, 0xff, 0x52, 0xf2, 0xa7, 0xe5, 0x71, 0xdd, 0x55, 0xd9,
  0xb3, 0xda, 0x2d, 0xe0, 0xc3, 0xe9, 0xf0, 0xf6, 0xb2, 0x04, 0xca, 0x11,
  0x16, 0x1d, 0xee, 0x23, 0xab, 0x26, 0xee, 0x23, 0x16, 0x1d, 0xc9, 0x11,
  0xde, 0x04, 0x48, 0xf7, 0xca, 0xea, 0x8c, 0xe1, 0x12, 0xdc, 0xb3, 0xda,
  0xcf, 0xde, 0x06, 0xe7, 0x52, 0xf2, 0x38, 0xff, 0x50, 0x0c, 0x9c, 0x17,
  0xd3, 0x1f, 0xee, 0x23, 0x90, 0x22, 0x74, 0x1e, 0x36, 0x15, 0x67, 0x09,
  0xd9, 0xfc, 0xf3, 0xf0, 0x06, 0xe7, 0x2d, 0xe0, 0xcf, 0xde, 0x2d, 0xe0,
  0xa8, 0xe5, 0x95, 0xef, 0xb4, 0xfa, 0x52, 0x06, 0x1b, 0x11, 0xfa, 0x18,
  0x74, 0x1e, 0x74, 0x1e, 0xb7, 0x1b, 0x36, 0x15, 0xa1, 0x0b, 0x7c, 0x01,
  0x48, 0xf7, 0x36, 0xee, 0x64, 0xe8, 0x49, 0xe4, 0xa8, 0xe5, 0x64, 0xe8,
  0x94, 0xef, 0x4f, 0xf8, 0x67, 0x01, 0x16, 0x0a, 0x1b, 0x11, 0x3d, 0x16,
  0x9b, 0x17, 0x3d, 0x16, 0xca, 0x11, 0xa0, 0x0b, 0x2f, 0x04, 0x81, 0xfc,
  0x92, 0xf5, 0x44, 0xf0, 0x87, 0xed, 0xd9, 0xec, 0xe6, 0xee, 0x01, 0xf3,
  0x4f, 0xf8, 0x6e, 0xfe, 0x86, 0x04, 0x67, 0x09, 0xff, 0x0c, 0x5e, 0x0e,
  0x5e, 0x0e, 0x50, 0x0c, 0xb8, 0x08, 0x2e, 0x04, 0xc4, 0xff, 0xa6, 0xfb,
  0xa7, 0xf8, 0x99, 0xf6, 0x42, 0xf6, 0xf1, 0xf6, 0xff, 0xf8, 0x7a, 0xfb,
  0x2c, 0xfe, 0xc7, 0x00, 0xd0, 0x02, 0x2f, 0x04, 0xb2, 0x04, 0x85, 0x04,
  0xab, 0x03, 0x78, 0x02, 0x51, 0x01, 0x65, 0x00, 0xca, 0xff, 0x9b, 0xff,
  0xda, 0xff, 0x5a, 0x00, 0xe9, 0x00, 0x51, 0x01, 0x51, 0x01, 0xc8, 0x00,
  0xcf, 0xff, 0x6e, 0xfe, 0xd8, 0xfc, 0x4e, 0xfb, 0x5d, 0xfa, 0xae, 0xf9,
  0x5d, 0xfa, 0xd1, 0xfb, 0x16, 0xfe, 0x25, 0x01, 0x5b, 0x04, 0x59, 0x07,
  0xbf, 0x09, 0xf1, 0x0a, 0xf1, 0x0a, 0x0f, 0x09, 0xfb, 0x05, 0xbf, 0x01,
  0xd8, 0xfc, 0xf8, 0xf7, 0xb0, 0xf3, 0xf4, 0xf0, 0x44, 0xf0, 0xf3, 0xf0,
  0x5f, 0xf4, 0x57, 0xf9, 0x90, 0xff, 0x51, 0x06, 0x50, 0x0c, 0x1a, 0x11,
  0xd8, 0x13, 0x87, 0x14, 0xca, 0x11, 0xff, 0x0c, 0xfa, 0x05, 0x01, 0xfe,
  0xea, 0xf5, 0xe5, 0xee, 0xc3, 0xe9, 0x07, 0xe7, 0x64, 0xe8, 0x28, 0xec,
  0x01, 0xf3, 0xa6, 0xfb, 0x4b, 0x05, 0x5e, 0x0e, 0x3d, 0x16, 0x59, 0x1a,
  0x16, 0x1d, 0x58, 0x1a, 0x88, 0x14, 0x50, 0x0c, 0xbe, 0x01, 0xf1, 0xf6,
  0xd8, 0xec, 0xa7, 0xe5, 0x8c, 0xe1, 0x2e, 0xe0, 0x49, 0xe4, 0x7a, 0xeb,
  0xea, 0xf5, 0xa8, 0x01, 0xae, 0x0d, 0x9b, 0x17, 0x74, 0x1e, 0x8f, 0x22,
  0x31, 0x21, 0xb7, 0x1b, 0x79, 0x12, 0x02, 0x07, 0x5d, 0xfa, 0x36, 0xee,
  0x48, 0xe4, 0x70, 0xdd, 0x12, 0xdc, 0xcf, 0xde, 0xa7, 0xe5, 0x95, 0xef,
  0xac, 0xfc, 0x17, 0x0a, 0x3d, 0x16, 0xd3, 0x1f, 0x4c, 0x25, 0x4c, 0x25,
  0x31, 0x21, 0xfa, 0x18, 0xff, 0x0c, 0x43, 0xff, 0xa3, 0xf1, 0xa8, 0xe5,
  0x70, 0xdd, 0x54, 0xd9, 0xb3, 0xda, 0x2e, 0xe0, 0xca, 0xea, 0xf1, 0xf6,
  0xde, 0x04, 0xca, 0x11, 0x15, 0x1d, 0xee, 0x23, 0xab, 0x26, 0xee, 0x23,
  0x16, 0x1d, 0xca, 0x11, 0xb2, 0x04, 0xf1, 0xf6, 0xca, 0xea, 0x8c, 0xe1,
  0x12, 0xdc, 0xb3, 0xda, 0xcf, 0xde, 0x06, 0xe7, 0x52, 0xf2, 0x6f, 0xff,
  0x50, 0x0c, 0x9b, 0x17, 0xd2, 0x1f, 0xef, 0x23, 0x90, 0x22, 0x15, 0x1d,
  0x87, 0x14, 0x10, 0x09, 0xac, 0xfc, 0xf3, 0xf0, 0x07, 0xe7, 0x2d, 0xe0,
  0xcf, 0xde, 0x2e, 0xe0, 0x06, 0xe7, 0x95, 0xef, 0xf7, 0xfa, 0xaa, 0x06,
  0x1a, 0x11, 0xfa, 0x18, 0x75, 0x1e, 0x74, 0x1e, 0xb7, 0x1b, 0x36, 0x15,
  0xa0, 0x0b, 0x66, 0x01, 0xf1, 0xf6, 0x36, 0xee, 0x65, 0xe8, 0x49, 0xe4,
  0xa8, 0xe5, 0x64, 0xe8, 0x95, 0xef, 0x4f, 0xf8, 0x7c, 0x01, 0x6f, 0x0a,
  0x1b, 0x11, 0x3d, 0x16, 0x9b, 0x17, 0x3d, 0x16, 0xca, 0x11, 0xa0, 0x0b,
  0x2e, 0x04, 0x81, 0xfc, 0x92, 0xf5, 0x44, 0xf0, 0x86, 0xed, 0xd8, 0xec,
  0xe6, 0xee, 0x01, 0xf3, 0x4f, 0xf8, 0x84, 0xfe, 0x86, 0x04, 0x67, 0x09,
  0x00, 0x0d, 0x5d, 0x0e, 0x5d, 0x0e, 0x50, 0x0c, 0x60, 0x08, 0x2f, 0x04,
  0xc4, 0xff, 0xd2, 0xfb, 0xa7, 0xf8, 0x9a, 0xf6, 0x41, 0xf6, 0xf1, 0xf6,
  0xfe, 0xf8, 0x79, 0xfb, 0x2c, 0xfe, 0xbc, 0x00, 0xcf, 0x02, 0x2e, 0x04,
  0xb2, 0x04, 0x5b, 0x04, 0xab, 0x03, 0x78, 0x02, 0x66, 0x01, 0x70, 0x00,
  0xdb, 0xff, 0xb4, 0xff, 0xf0, 0xff, 0x65, 0x00, 0xe8, 0x00, 0x3a, 0x01,
  0x3b, 0x01, 0xbd, 0x00, 0xb9, 0xff, 0x58, 0xfe, 0xac, 0xfc, 0x4e, 0xfb,
  0x5d, 0xfa, 0xae, 0xf9, 0x5d, 0xfa, 0xd1, 0xfb, 0x41, 0xfe, 0x3b, 0x01,
  0x86, 0x04, 0x59, 0x07, 0xbe, 0x09, 0xf1, 0x0a, 0xf1, 0x0a, 0x0f, 0x09,
  0xfb, 0x05, 0x93, 0x01, 0xad, 0xfc, 0xa0, 0xf7, 0xb0, 0xf3, 0xf3, 0xf0,
  0x44, 0xf0, 0xf3, 0xf0, 0x5f, 0xf4, 0x56, 0xf9, 0xbf, 0xff, 0x52, 0x06,
  0x50, 0x0c, 0x1a, 0x11, 0x87, 0x14, 0x87, 0x14, 0xca, 0x11, 0xff, 0x0c,
  0xfa, 0x05, 0xd4, 0xfd, 0x92, 0xf5, 0xe6, 0xee, 0xc4, 0xe9, 0x06, 0xe7,
  0x64, 0xe8, 0x29, 0xec, 0x01, 0xf3, 0xd1, 0xfb, 0x4b, 0x05, 0x5e, 0x0e,
  0x3d, 0x16, 0xb7, 0x1b, 0x15, 0x1d, 0x58, 0x1a, 0x87, 0x14, 0xa0, 0x0b,
  0x7d, 0x01, 0x99, 0xf6, 0xd8, 0xec, 0xa8, 0xe5, 0x2d, 0xe0, 0x2d, 0xe0,
  0x49, 0xe4, 0x28, 0xec, 0x41, 0xf6, 0xea, 0x01, 0xae, 0x0d, 0x9b, 0x17,
  0x74, 0x1e, 0x90, 0x22, 0x31, 0x21, 0xb7, 0x1b, 0x79, 0x12, 0xaa, 0x06,
  0x06, 0xfa, 0x36, 0xee, 0x4a, 0xe4, 0x71, 0xdd, 0x13, 0xdc, 0xcf, 0xde,
  0xa8, 0xe5, 0x43, 0xf0, 0xd8, 0xfc, 0x17, 0x0a, 0x3d, 0x16, 0xd3, 0x1f,
  0x4c, 0x25, 0x4c, 0x25, 0x31, 0x21, 0xfb, 0x18, 0x50, 0x0c, 0x0c, 0xff,
  0xa3, 0xf1, 0xa8, 0xe5, 0x71, 0xdd, 0x55, 0xd9, 0xb4, 0xda, 0x2d, 0xe0,
  0xc9, 0xea, 0x48, 0xf7, 0x0a, 0x05, 0x79, 0x12, 0x15, 0x1d, 0xee, 0x23,
  0xaa, 0x26, 0xee, 0x23, 0xb7, 0x1b, 0xca, 0x11, 0x86, 0x04, 0xf1, 0xf6,
  0xc9, 0xea, 0x8c, 0xe1, 0x12, 0xdc, 0xb3, 0xda, 0xcf, 0xde, 0x06, 0xe7,
  0x52, 0xf2, 0xa6, 0xff, 0x50, 0x0c, 0x9b, 0x17, 0xd3, 0x1f, 0xee, 0x23,
  0x8f, 0x22, 0x16, 0x1d, 0x87, 0x14, 0x10, 0x09, 0x81, 0xfc, 0x44, 0xf0,
  0x06, 0xe7, 0x2d, 0xe0, 0xcf, 0xde, 0x2d, 0xe0, 0x07, 0xe7, 0x95, 0xef,
  0xf7, 0xfa, 0xa9, 0x06, 0x1a, 0x11, 0xfa, 0x18, 0x74, 0x1e, 0x74, 0x1e,
  0xb7, 0x1b, 0x87, 0x14, 0xa0, 0x0b, 0x3b, 0x01, 0xf1, 0xf6, 0x36, 0xee,
  0x65, 0xe8, 0x49, 0xe4, 0xa7, 0xe5, 0xc3, 0xe9, 0x94, 0xef, 0x4f, 0xf8,
  0xa8, 0x01, 0x6e, 0x0a, 0x1b, 0x11, 0x3d, 0x16, 0x9b, 0x17, 0x3e, 0x16,
  0xcb, 0x11, 0xa1, 0x0b, 0x03, 0x04, 0x55, 0xfc, 0x93, 0xf5, 0x44, 0xf0,
  0x87, 0xed, 0xd8, 0xec, 0xe5, 0xee, 0x01, 0xf3, 0x50, 0xf8, 0x9a, 0xfe,
  0x86, 0x04, 0x66, 0x09, 0xff, 0x0c, 0x5d, 0x0e, 0x5d, 0x0e, 0x50, 0x0c,
  0x60, 0x08, 0x2e, 0x04, 0xb3, 0xff, 0xa6, 0xfb, 0xa7, 0xf8, 0x99, 0xf6,
  0x41, 0xf6, 0xf1, 0xf6, 0xff, 0xf8, 0x7a, 0xfb, 0x2c, 0xfe, 0xc8, 0x00,
  0xd0, 0x02, 0x2f, 0x04, 0xb2, 0x04, 0x5b, 0x04, 0xac, 0x03, 0x78, 0x02,
  0x67, 0x01, 0x70, 0x00, 0xda, 0xff, 0xb9, 0xff, 0xf5, 0xff, 0x70, 0x00,
  0xf3, 0x00, 0x3b, 0x01, 0x3a, 0x01, 0xb1, 0x00, 0xaf, 0xff, 0x42, 0xfe,
  0xad, 0xfc, 0x4e, 0xfb, 0x05, 0xfa, 0xad, 0xf9, 0x5d, 0xfa, 0xd2, 0xfb,
  0x42, 0xfe, 0x51, 0x01, 0x86, 0x04, 0xb1, 0x07, 0xbf, 0x09, 0xf1, 0x0a,
  0xf1, 0x0a, 0x0f, 0x09, 0xfa, 0x05, 0x7d, 0x01, 0x81, 0xfc, 0xa0, 0xf7,
  0xb1, 0xf3, 0xf4, 0xf0, 0x44, 0xf0, 0xf3, 0xf0, 0x5f, 0xf4, 0xae, 0xf9,
  0xda, 0xff, 0xa9, 0x06, 0xff, 0x0c, 0xca, 0x11, 0x87, 0x14, 0x87, 0x14,
  0xca, 0x11, 0x00, 0x0d, 0xa3, 0x05, 0xa9, 0xfd, 0x92, 0xf5, 0x36, 0xee,
  0xc3, 0xe9, 0x06, 0xe7, 0x65, 0xe8, 0x28, 0xec, 0x01, 0xf3, 0xfd, 0xfb,
  0xa3, 0x05, 0x0d, 0x0f, 0x3d, 0x16, 0xb7, 0x1b, 0x15, 0x1d, 0x58, 0x1a,
  0x87, 0x14, 0xa0, 0x0b, 0x51, 0x01, 0x9a, 0xf6, 0xd8, 0xec, 0xa8, 0xe5,
  0x2e, 0xe0, 0x2e, 0xe0, 0x49, 0xe4, 0x28, 0xec, 0x42, 0xf6, 0x16, 0x02,
  0xae, 0x0d, 0x9b, 0x17, 0x74, 0x1e, 0x90, 0x22, 0x31, 0x21, 0xb7, 0x1b,
  0x79, 0x12, 0xa9, 0x06, 0x06, 0xfa, 0x88, 0xed, 0x4a, 0xe4, 0x70, 0xdd,
  0x12, 0xdc, 0xcf, 0xde, 0xa7, 0xe5, 0x44, 0xf0, 0x04, 0xfd, 0x6d, 0x0a,
  0x3d, 0x16, 0xd3, 0x1f, 0x4c, 0x25, 0x4d, 0x25, 0x31, 0x21, 0x9b, 0x17,
  0x50, 0x0c, 0xdc, 0xfe, 0xa3, 0xf1, 0xa7, 0xe5, 0x70, 0xdd, 0x55, 0xd9,
  0xb3, 0xda, 0x8c, 0xe1, 0xc9, 0xea, 0xa0, 0xf7, 0x4b, 0x05, 0x79, 0x12,
  0x16, 0x1d, 0xee, 0x23, 0xab, 0x26, 0xee, 0x23, 0xb7, 0x1b, 0x1a, 0x11,
  0x2e, 0x04, 0x99, 0xf6, 0xc3, 0xe9, 0x8c, 0xe1, 0x12, 0xdc, 0xb3, 0xda,
  0xcf, 0xde, 0x06, 0xe7, 0x01, 0xf3, 0xda, 0xff, 0xff, 0x0c, 0x9b, 0x17,
  0xd2, 0x1f, 0xee, 0x23, 0x8f, 0x22, 0x16, 0x1d, 0x87, 0x14, 0xb8, 0x08,
  0x55, 0xfc, 0x44, 0xf0, 0x06, 0xe7, 0x2e, 0xe0, 0xcf, 0xde, 0x2e, 0xe0,
  0x06, 0xe7, 0x44, 0xf0, 0x4e, 0xfb, 0x01, 0x07, 0x1b, 0x11, 0xfa, 0x18,
  0x74, 0x1e, 0x74, 0x1e, 0xb7, 0x1b, 0x87, 0x14, 0xa1, 0x0b, 0x0f, 0x01,
  0xf0, 0xf6, 0x36, 0xee, 0x06, 0xe7, 0x49, 0xe4, 0xa7, 0xe5, 0xc3, 0xe9,
  0x44, 0xf0, 0xa8, 0xf8, 0xbe, 0x01, 0x6e, 0x0a, 0xca, 0x11, 0x3d, 0x16,
  0x9c, 0x17, 0x3d, 0x16, 0xca, 0x11, 0xa0, 0x0b, 0xd7, 0x03, 0x29, 0xfc,
  0x0f, 0xf5, 0x44, 0xf0, 0x87, 0xed, 0xd8, 0xec, 0xe5, 0xee, 0x01, 0xf3,
  0xa7, 0xf8, 0xb0, 0xfe, 0x86, 0x04, 0x66, 0x09, 0xff, 0x0c, 0x5d, 0x0e,
  0xae, 0x0d, 0xa1, 0x0b, 0x60, 0x08, 0x02, 0x04, 0xa6, 0xff, 0xa6, 0xfb,
  0xa7, 0xf8, 0xf1, 0xf6, 0x42, 0xf6, 0x48, 0xf7, 0xfe, 0xf8, 0xa6, 0xfb,
  0x42, 0xfe, 0xc8, 0x00, 0xd0, 0x02, 0x03, 0x04, 0x86, 0x04, 0x2e, 0x04,
  0x7f, 0x03, 0x57, 0x02, 0x51, 0x01, 0x65, 0x00, 0xe0, 0xff, 0xca, 0xff,
  0x10, 0x00, 0x91, 0x00, 0x0f, 0x01, 0x67, 0x01, 0x51, 0x01, 0xc8, 0x00,
  0xb4, 0xff, 0x42, 0xfe, 0xad, 0xfc, 0x23, 0xfb, 0x06, 0xfa, 0xad, 0xf9,
  0x5d, 0xfa, 0xd1, 0xfb, 0x42, 0xfe, 0x50, 0x01, 0xb2, 0x04, 0xb1, 0x07,
  0x16, 0x0a, 0xf2, 0x0a, 0xf2, 0x0a, 0x0f, 0x09, 0xfb, 0x05, 0x67, 0x01,
  0x81, 0xfc, 0xa0, 0xf7, 0xb1, 0xf3, 0xf3, 0xf0, 0x95, 0xef, 0xf4, 0xf0,
  0x5f, 0xf4, 0xae, 0xf9, 0xea, 0xff, 0xaa, 0x06, 0xff, 0x0c, 0xca, 0x11,
  0x87, 0x14, 0x86, 0x14, 0xca, 0x11, 0xff, 0x0c, 0xa3, 0x05, 0x87, 0xfd,
  0x93, 0xf5, 0x36, 0xee, 0xc3, 0xe9, 0x06, 0xe7, 0x65, 0xe8, 0x29, 0xec,
  0x02, 0xf3, 0xfd, 0xfb, 0xa3, 0x05, 0x0d, 0x0f, 0x3d, 0x16, 0xb7, 0x1b,
  0x15, 0x1d, 0x59, 0x1a, 0x87, 0x14, 0xa0, 0x0b, 0x3b, 0x01, 0x41, 0xf6,
  0x28, 0xec, 0x49, 0xe4, 0x2d, 0xe0, 0x2d, 0xe0, 0x49, 0xe4, 0x29, 0xec,
  0x99, 0xf6, 0x41, 0x02, 0xae, 0x0d, 0x9b, 0x17, 0xd2, 0x1f, 0x8f, 0x22,
  0x31, 0x21, 0xb7, 0x1b, 0x79, 0x12, 0x52, 0x06, 0xae, 0xf9, 0x87, 0xed,
  0x49, 0xe4, 0x70, 0xdd, 0x11, 0xdc, 0xcf, 0xde, 0xa7, 0xe5, 0x44, 0xf0,
  0x30, 0xfd, 0x6d, 0x0a, 0x3c, 0x16, 0xd3, 0x1f, 0x4d, 0x25, 0x4d, 0x25,
  0x31, 0x21, 0x9b, 0x17, 0x50, 0x0c, 0x99, 0xfe, 0xf3, 0xf0, 0xa8, 0xe5,
  0x70, 0xdd, 0x55, 0xd9, 0xb4, 0xda, 0x8c, 0xe1, 0xca, 0xea, 0xa0, 0xf7,
  0xa3, 0x05, 0x79, 0x12, 0x16, 0x1d, 0xee, 0x23, 0xab, 0x26, 0xee, 0x23,
  0xb7, 0x1b, 0x1b, 0x11, 0x03, 0x04, 0x99, 0xf6, 0xc3, 0xe9, 0x8b, 0xe1,
  0x11, 0xdc, 0xb4, 0xda, 0xcf, 0xde, 0x06, 0xe7, 0x01, 0xf3, 0x11, 0x00,
  0xff, 0x0c, 0x9b, 0x17, 0xd3, 0x1f, 0xef, 0x23, 0x8f, 0x22, 0x15, 0x1d,
  0x87, 0x14, 0xb7, 0x08, 0x29, 0xfc, 0x44, 0xf0, 0x06, 0xe7, 0x2d, 0xe0,
  0xcf, 0xde, 0x2d, 0xe0, 0x06, 0xe7, 0x45, 0xf0, 0x7b, 0xfb, 0x02, 0x07,
  0x1b, 0x11, 0xfa, 0x18, 0x74, 0x1e, 0x74, 0x1e, 0xb7, 0x1b, 0x87, 0x14,
  0xa0, 0x0b, 0xf3, 0x00, 0x99, 0xf6, 0x37, 0xee, 0x07, 0xe7, 0x49, 0xe4,
  0xa7, 0xe5, 0xc3, 0xe9, 0x43, 0xf0, 0xa8, 0xf8, 0xea, 0x01, 0x6e, 0x0a,
  0xca, 0x11, 0x3d, 0x16, 0x9b, 0x17, 0x3d, 0x16, 0xca, 0x11, 0xa1, 0x0b,
  0xd7, 0x03, 0x29, 0xfc, 0x0f, 0xf5, 0x44, 0xf0, 0x87, 0xed, 0xd8, 0xec,
  0xe5, 0xee, 0x01, 0xf3, 0xa7, 0xf8, 0xc6, 0xfe, 0xb2, 0x04, 0x67, 0x09,
  0xff, 0x0c, 0x5e, 0x0e, 0xae, 0x0d, 0xa1, 0x0b, 0x60, 0x08, 0x03, 0x04,
  0x9b, 0xff, 0xa6, 0xfb, 0xa7, 0xf8, 0xf1, 0xf6, 0x42, 0xf6, 0x48, 0xf7,
  0xff, 0xf8, 0xa6, 0xfb, 0x42, 0xfe, 0xc7, 0x00, 0xcf, 0x02, 0x03, 0x04,
  0x86, 0x04, 0x5a, 0x04, 0x7f, 0x03, 0x78, 0x02, 0x50, 0x01, 0x70, 0x00,
  0xe5, 0xff, 0xca, 0xff, 0x10, 0x00, 0x86, 0x00, 0x0f, 0x01, 0x51, 0x01,
  0x50, 0x01, 0xb2, 0x00, 0xa6, 0xff, 0x2c, 0xfe, 0x82, 0xfc, 0x21, 0xfb,
  0x06, 0xfa, 0xae, 0xf9, 0x5d, 0xfa, 0xfd, 0xfb, 0x58, 0xfe, 0x66, 0x01,
  0xb2, 0x04, 0xb1, 0x07, 0x16, 0x0a, 0xf0, 0x0a, 0xf1, 0x0a, 0x0f, 0x09,
  0xa3, 0x05, 0x50, 0x01, 0x55, 0xfc, 0xa1, 0xf7, 0xb0, 0xf3, 0xf3, 0xf0,
  0x95, 0xef, 0xf3, 0xf0, 0x5f, 0xf4, 0xae, 0xf9, 0x10, 0x00, 0xaa, 0x06,
  0xff, 0x0c, 0xca, 0x11, 0x87, 0x14, 0x86, 0x14, 0xca, 0x11, 0x50, 0x0c,
  0xa3, 0x05, 0x5c, 0xfd, 0x0f, 0xf5, 0x36, 0xee, 0xc3, 0xe9, 0x06, 0xe7,
  0x65, 0xe8, 0x28, 0xec, 0xb0, 0xf3, 0x2a, 0xfc, 0xfb, 0x05, 0x0c, 0x0f,
  0x3d, 0x16, 0xb7, 0x1b, 0x15, 0x1d, 0x59, 0x1a, 0x87, 0x14, 0xa1, 0x0b,
  0xfe, 0x00, 0x41, 0xf6, 0x28, 0xec, 0x49, 0xe4, 0x2d, 0xe0, 0x2d, 0xe0,
  0x4a, 0xe4, 0x29, 0xec, 0x99, 0xf6, 0x78, 0x02, 0x5e, 0x0e, 0x9b, 0x17,
  0xd2, 0x1f, 0x90, 0x22, 0x31, 0x21, 0xb7, 0x1b, 0xca, 0x11, 0x52, 0x06,
  0x56, 0xf9, 0x88, 0xed, 0xeb, 0xe2, 0x70, 0xdd, 0x12, 0xdc, 0xcf, 0xde,
  0xa7, 0xe5, 0x44, 0xf0, 0x88, 0xfd, 0xf1, 0x0a, 0x3e, 0x16, 0xd3, 0x1f,
  0x4c, 0x25, 0x4d, 0x25, 0x32, 0x21, 0x9b, 0x17, 0xa1, 0x0b, 0x57, 0xfe,
  0xf3, 0xf0, 0xa8, 0xe5, 0x71, 0xdd, 0x54, 0xd9, 0xb3, 0xda, 0x8c, 0xe1,
  0x79, 0xeb, 0xf8, 0xf7, 0xa3, 0x05, 0x79, 0x12, 0x16, 0x1d, 0xee, 0x23,
  0xab, 0x26, 0xed, 0x23, 0xb7, 0x1b, 0x1a, 0x11, 0xd6, 0x03, 0x42, 0xf6,
  0xc3, 0xe9, 0x2d, 0xe0, 0x12, 0xdc, 0xb4, 0xda, 0xcf, 0xde, 0x64, 0xe8,
  0x01, 0xf3, 0x47, 0x00, 0xff, 0x0c, 0x9c, 0x17, 0xd2, 0x1f, 0xee, 0x23,
  0x90, 0x22, 0x16, 0x1d, 0xd8, 0x13, 0x61, 0x08, 0xfd, 0xfb, 0x45, 0xf0,
  0x06, 0xe7, 0x2d, 0xe0, 0xcf, 0xde, 0x2d, 0xe0, 0x06, 0xe7, 0x44, 0xf0,
  0xa6, 0xfb, 0x02, 0x07, 0xca, 0x11, 0xfa, 0x18, 0x74, 0x1e, 0x74, 0x1e,
  0xb6, 0x1b, 0x87, 0x14, 0xf1, 0x0a, 0xbc, 0x00, 0x99, 0xf6, 0x87, 0xed,
  0x06, 0xe7, 0x49, 0xe4, 0xa8, 0xe5, 0xc3, 0xe9, 0x45, 0xf0, 0xfe, 0xf8,
  0x15, 0x02, 0xf2, 0x0a, 0xc9, 0x11, 0x3c, 0x16, 0x9b, 0x17, 0x3d, 0x16,
  0xca, 0x11, 0xf1, 0x0a, 0xab, 0x03, 0xfd, 0xfb, 0x0f, 0xf5, 0x43, 0xf0,
  0x87, 0xed, 0xd8, 0xec, 0xe5, 0xee, 0x01, 0xf3, 0xa7, 0xf8, 0xdb, 0xfe,
  0xb1, 0x04, 0xbf, 0x09, 0xfe, 0x0c, 0x5e, 0x0e, 0xae, 0x0d, 0xa0, 0x0b,
  0x08, 0x08, 0xd6, 0x03, 0x84, 0xff, 0xa6, 0xfb, 0xa7, 0xf8, 0xf1, 0xf6,
  0x99, 0xf6, 0x48, 0xf7, 0x56, 0xf9, 0xa6, 0xfb, 0x58, 0xfe, 0xde, 0x00,
  0xd0, 0x02, 0x03, 0x04, 0x86, 0x04, 0x2e, 0x04, 0x7f, 0x03, 0x58, 0x02,
  0x3b, 0x01, 0x65, 0x00, 0xe5, 0xff, 0xd0, 0xff, 0x16, 0x00, 0x9c, 0x00,
  0x25, 0x01, 0x67, 0x01, 0x50, 0x01, 0xb1, 0x00, 0x9b, 0xff, 0x2c, 0xfe,
  0x81, 0xfc, 0x23, 0xfb, 0x06, 0xfa, 0xae, 0xf9, 0x5d, 0xfa, 0xfd, 0xfb,
  0x6e, 0xfe, 0x7c, 0x01, 0xb2, 0x04, 0xb1, 0x07, 0x17, 0x0a, 0xf1, 0x0a,
  0xf2, 0x0a, 0x0f, 0x09, 0xa2, 0x05, 0x3b, 0x01, 0x55, 0xfc, 0x49, 0xf7,
  0x01, 0xf3, 0xf4, 0xf0, 0x95, 0xef, 0xf3, 0xf0, 0x60, 0xf4, 0xae, 0xf9,
  0x2b, 0x00, 0x02, 0x07, 0xff, 0x0c, 0xc9, 0x11, 0x86, 0x14, 0x87, 0x14,
  0xca, 0x11, 0x50, 0x0c, 0x4c, 0x05, 0x5c, 0xfd, 0x0f, 0xf5, 0x36, 0xee,
  0xc3, 0xe9, 0x06, 0xe7, 0x65, 0xe8, 0x29, 0xec, 0xb0, 0xf3, 0x55, 0xfc,
  0xfa, 0x05, 0x0c, 0x0f, 0x3c, 0x16, 0xb7, 0x1b, 0x16, 0x1d, 0x59, 0x1a,
  0xd8, 0x13, 0xa0, 0x0b, 0xc7, 0x00, 0xea, 0xf5, 0x29, 0xec, 0x49, 0xe4,
  0x2e, 0xe0, 0x2d, 0xe0, 0x49, 0xe4, 0x29, 0xec, 0xf1, 0xf6, 0xa4, 0x02,
  0x5d, 0x0e, 0xfa, 0x18, 0xd3, 0x1f, 0x8f, 0x22, 0x31, 0x21, 0xb7, 0x1b,
  0xca, 0x11, 0xfa, 0x05, 0x56, 0xf9, 0x87, 0xed, 0xea, 0xe2, 0x70, 0xdd,
  0x12, 0xdc, 0xcf, 0xde, 0xa7, 0xe5, 0xf3, 0xf0, 0xbf, 0xfd, 0xf1, 0x0a,
  0x9c, 0x17, 0xd3, 0x1f, 0x4d, 0x25, 0x4d, 0x25, 0x31, 0x21, 0x9b, 0x17,
  0xa0, 0x0b, 0x2c, 0xfe, 0xf4, 0xf0, 0xa7, 0xe5, 0x70, 0xdd, 0x55, 0xd9,
  0xb3, 0xda, 0x8c, 0xe1, 0x79, 0xeb, 0x4f, 0xf8, 0xfb, 0x05, 0x28, 0x13,
  0x15, 0x1d, 0xee, 0x23, 0xab, 0x26, 0x8f, 0x22, 0xb7, 0x1b, 0x6c, 0x10,
  0x7f, 0x03, 0xea, 0xf5, 0xc3, 0xe9, 0x2e, 0xe0, 0x12, 0xdc, 0xb3, 0xda,
  0xcf, 0xde, 0x65, 0xe8, 0xb0, 0xf3, 0x85, 0x00, 0xae, 0x0d, 0xfa, 0x18,
  0xd3, 0x1f, 0xee, 0x23, 0x8f, 0x22, 0x15, 0x1d, 0xd8, 0x13, 0x60, 0x08,
  0xa6, 0xfb, 0x44, 0xf0, 0x06, 0xe7, 0x2d, 0xe0, 0xcf, 0xde, 0x2e, 0xe0,
  0x06, 0xe7, 0xf4, 0xf0, 0xd1, 0xfb, 0x59, 0x07, 0xc9, 0x11, 0xfa, 0x18,
  0x74, 0x1e, 0x74, 0x1e, 0x59, 0x1a, 0x86, 0x14, 0xf1, 0x0a, 0x91, 0x00,
  0x42, 0xf6, 0x87, 0xed, 0x06, 0xe7, 0x49, 0xe4, 0xa7, 0xe5, 0xc2, 0xe9,
  0x44, 0xf0, 0xff, 0xf8, 0x42, 0x02, 0xf2, 0x0a, 0xca, 0x11, 0x3d, 0x16,
  0x9b, 0x17, 0x3d, 0x16, 0x1b, 0x11, 0xf2, 0x0a, 0x7f, 0x03, 0xd2, 0xfb,
  0x0f, 0xf5, 0x44, 0xf0, 0x87, 0xed, 0xd8, 0xec, 0xe5, 0xee, 0xb0, 0xf3,
  0xff, 0xf8, 0x02, 0xff, 0xde, 0x04, 0xbe, 0x09, 0xff, 0x0c, 0x5e, 0x0e,
  0xae, 0x0d, 0xa0, 0x0b, 0x08, 0x08, 0xd7, 0x03, 0x6f, 0xff, 0x7a, 0xfb,
  0xa7, 0xf8, 0xf0, 0xf6, 0x99, 0xf6, 0x48, 0xf7, 0x56, 0xf9, 0xd1, 0xfb,
  0x6e, 0xfe, 0xe9, 0x00, 0xd0, 0x02, 0x03, 0x04, 0x86, 0x04, 0x2f, 0x04,
  0x54, 0x03, 0x41, 0x02, 0x3b, 0x01, 0x5a, 0x00, 0xdf, 0xff, 0xcf, 0xff,
  0x1b, 0x00, 0x9c, 0x00, 0x25, 0x01, 0x66, 0x01, 0x51, 0x01, 0xbc, 0x00,
  0xa6, 0xff, 0x2c, 0xfe, 0x80, 0xfc, 0xf6, 0xfa, 0x06, 0xfa, 0xae, 0xf9,
  0x5d, 0xfa, 0xfd, 0xfb, 0x6e, 0xfe, 0x7c, 0x01, 0xde, 0x04, 0xb1, 0x07,
  0x16, 0x0a, 0xf1, 0x0a, 0xf1, 0x0a, 0x0f, 0x09, 0xa3, 0x05, 0x3b, 0x01,
  0x29, 0xfc, 0x48, 0xf7, 0x01, 0xf3, 0x43, 0xf0, 0x95, 0xef, 0xf3, 0xf0,
  0x60, 0xf4, 0x06, 0xfa, 0x42, 0x00, 0x01, 0x07, 0xff, 0x0c, 0xca, 0x11,
  0x87, 0x14, 0x87, 0x14, 0xca, 0x11, 0x4f, 0x0c, 0x4b, 0x05, 0x30, 0xfd,
  0x0f, 0xf5, 0x36, 0xee, 0xc3, 0xe9, 0x06, 0xe7, 0x65, 0xe8, 0xd8, 0xec,
  0xb0, 0xf3, 0x81, 0xfc, 0x52, 0x06, 0x0d, 0x0f, 0x3d, 0x16, 0xb7, 0x1b,
  0x16, 0x1d, 0x59, 0x1a, 0xd7, 0x13, 0xf2, 0x0a, 0xb2, 0x00, 0xeb, 0xf5,
  0x29, 0xec, 0x49, 0xe4, 0x2d, 0xe0, 0x2d, 0xe0, 0x49, 0xe4, 0xd7, 0xec,
  0xf1, 0xf6, 0xd0, 0x02, 0x5e, 0x0e, 0xfa, 0x18, 0xd2, 0x1f, 0x8f, 0x22,
  0x31, 0x21, 0xb6, 0x1b, 0xca, 0x11, 0xfa, 0x05, 0xfe, 0xf8, 0xd8, 0xec,
  0xeb, 0xe2, 0x70, 0xdd, 0x11, 0xdc, 0xcf, 0xde, 0xa7, 0xe5, 0xf3, 0xf0,
  0xea, 0xfd, 0xf1, 0x0a, 0x9b, 0x17, 0xd3, 0x1f, 0x4c, 0x25, 0x4d, 0x25,
  0xd2, 0x1f, 0x9c, 0x17, 0xa0, 0x0b, 0x00, 0xfe, 0xf3, 0xf0, 0xa8, 0xe5,
  0x70, 0xdd, 0x55, 0xd9, 0xb3, 0xda, 0x8c, 0xe1, 0x79, 0xeb, 0x50, 0xf8,
  0xfb, 0x05, 0x28, 0x13, 0x15, 0x1d, 0xee, 0x23, 0xab, 0x26, 0x90, 0x22,
  0xb7, 0x1b, 0x6c, 0x10, 0x54, 0x03, 0xea, 0xf5, 0xc3, 0xe9, 0x2d, 0xe0,
  0x12, 0xdc, 0xb3, 0xda, 0x2e, 0xe0, 0x65, 0xe8, 0xb0, 0xf3, 0xb2, 0x00,
  0xae, 0x0d, 0xfa, 0x18, 0xd2, 0x1f, 0xef, 0x23, 0x8f, 0x22, 0x16, 0x1d,
  0xd8, 0x13, 0x08, 0x08, 0x7a, 0xfb, 0x95, 0xef, 0xa8, 0xe5, 0x2d, 0xe0,
  0xd0, 0xde, 0x8c, 0xe1, 0x06, 0xe7, 0xf3, 0xf0, 0xfd, 0xfb, 0x59, 0x07,
  0xca, 0x11, 0xfa, 0x18, 0x73, 0x1e, 0x74, 0x1e, 0x58, 0x1a, 0xd8, 0x13,
  0xf1, 0x0a, 0x70, 0x00, 0x42, 0xf6, 0x87, 0xed, 0x06, 0xe7, 0x49, 0xe4,
  0xa7, 0xe5, 0xc3, 0xe9, 0x44, 0xf0, 0x56, 0xf9, 0x58, 0x02, 0xf1, 0x0a,
  0xca, 0x11, 0x3d, 0x16, 0x9b, 0x17, 0x3d, 0x16, 0x1b, 0x11, 0xf1, 0x0a,
  0x53, 0x03, 0xd2, 0xfb, 0x0f, 0xf5, 0x44, 0xf0, 0x87, 0xed, 0xd8, 0xec,
  0x95, 0xef, 0xb0, 0xf3, 0xff, 0xf8, 0x17, 0xff, 0xdd, 0x04, 0xbf, 0x09,
  0xff, 0x0c, 0x5e, 0x0e, 0xae, 0x0d, 0xa0, 0x0b, 0x09, 0x08, 0xab, 0x03,
  0x64, 0xff, 0x7a, 0xfb, 0xa6, 0xf8, 0xf1, 0xf6, 0x99, 0xf6, 0x49, 0xf7,
  0x56, 0xf9, 0xd2, 0xfb, 0x6e, 0xfe, 0xe8, 0x00, 0xd0, 0x02, 0x02, 0x04,
  0x5a, 0x04, 0x2e, 0x04, 0x54, 0x03, 0x42, 0x02, 0x24, 0x01, 0x5a, 0x00,
  0xe5, 0xff, 0xda, 0xff, 0x2c, 0x00, 0xb1, 0x00, 0x3a, 0x01, 0x7c, 0x01,
  0x66, 0x01, 0xbc, 0x00, 0x9b, 0xff, 0x15, 0xfe, 0x81, 0xfc, 0xf6, 0xfa,
  0x06, 0xfa, 0xae, 0xf9, 0x5d, 0xfa, 0xfe, 0xfb, 0x6e, 0xfe, 0x92, 0x01,
  0xde, 0x04, 0x08, 0x08, 0x16, 0x0a, 0xa0, 0x0b, 0xf1, 0x0a, 0x0f, 0x09,
  0xa3, 0x05, 0x24, 0x01, 0x2a, 0xfc, 0x48, 0xf7, 0x01, 0xf3, 0x44, 0xf0,
  0x94, 0xef, 0xf3, 0xf0, 0x60, 0xf4, 0x05, 0xfa, 0x5a, 0x00, 0x01, 0x07,
  0xff, 0x0c, 0xc9, 0x11, 0x87, 0x14, 0x87, 0x14, 0xca, 0x11, 0x4f, 0x0c,
  0x4b, 0x05, 0x04, 0xfd, 0x0f, 0xf5, 0x36, 0xee, 0x65, 0xe8, 0x06, 0xe7,
  0x64, 0xe8, 0xd8, 0xec, 0xb1, 0xf3, 0xad, 0xfc, 0x53, 0x06, 0xbd, 0x0f,
  0x3d, 0x16, 0xb6, 0x1b, 0x16, 0x1d, 0x58, 0x1a, 0xd8, 0x13, 0xf1, 0x0a,
  0x7b, 0x00, 0x93, 0xf5, 0x29, 0xec, 0x49, 0xe4, 0x2d, 0xe0, 0x2d, 0xe0,
  0x49, 0xe4, 0xd7, 0xec, 0x48, 0xf7, 0xfc, 0x02, 0x5d, 0x0e, 0xfa, 0x18,
  0xd2, 0x1f, 0x8f, 0x22, 0x31, 0x21, 0x58, 0x1a, 0xca, 0x11, 0xa3, 0x05,
  0xff, 0xf8, 0xd8, 0xec, 0xea, 0xe2, 0x70, 0xdd, 0x11, 0xdc, 0xcf, 0xde,
  0xa8, 0xe5, 0xf3, 0xf0, 0x16, 0xfe, 0xa1, 0x0b, 0x9b, 0x17, 0xd2, 0x1f,
  0x4c, 0x25, 0x4d, 0x25, 0xd2, 0x1f, 0x9b, 0x17, 0xa0, 0x0b, 0xbe, 0xfd,
  0x44, 0xf0, 0xa7, 0xe5, 0x71, 0xdd, 0x55, 0xd9, 0xb3, 0xda, 0x8c, 0xe1,
  0x79, 0xeb, 0xa7, 0xf8, 0x52, 0x06, 0x29, 0x13, 0x15, 0x1d, 0xee, 0x23,
  0xab, 0x26, 0x90, 0x22, 0xb7, 0x1b, 0x6c, 0x10, 0x28, 0x03, 0x93, 0xf5,
  0xc3, 0xe9, 0x2d, 0xe0, 0x12, 0xdc, 0xb4, 0xda, 0x2e, 0xe0, 0x64, 0xe8,
  0xb0, 0xf3, 0xe9, 0x00, 0xaf, 0x0d, 0xfa, 0x18, 0xd3, 0x1f, 0xee, 0x23,
  0x90, 0x22, 0x16, 0x1d, 0x28, 0x13, 0xb0, 0x07, 0x4f, 0xfb, 0x95, 0xef,
  0xa8, 0xe5, 0x2e, 0xe0, 0xcf, 0xde, 0x8b, 0xe1, 0x06, 0xe7, 0xf4, 0xf0,
  0x2a, 0xfc, 0xb0, 0x07, 0xca, 0x11, 0x59, 0x1a, 0x74, 0x1e, 0x74, 0x1e,
  0x58, 0x1a, 0xd8, 0x13, 0xf1, 0x0a, 0x3c, 0x00, 0xea, 0xf5, 0x87, 0xed,
  0x06, 0xe7, 0x49, 0xe4, 0xa8, 0xe5, 0xc3, 0xe9, 0xf3, 0xf0, 0x56, 0xf9,
  0x78, 0x02, 0xf1, 0x0a, 0xca, 0x11, 0x3d, 0x16, 0x9b, 0x17, 0x3c, 0x16,
  0x1b, 0x11, 0xf1, 0x0a, 0x54, 0x03, 0xa6, 0xfb, 0x0f, 0xf5, 0x45, 0xf0,
  0x87, 0xed, 0xd8, 0xec, 0x95, 0xef, 0xb0, 0xf3, 0xff, 0xf8, 0x2d, 0xff,
  0x09, 0x05, 0xbf, 0x09, 0xff, 0x0c, 0x5d, 0x0e, 0xae, 0x0d, 0xa0, 0x0b,
  0x08, 0x08, 0xab, 0x03, 0x4f, 0xff, 0x7a, 0xfb, 0xa7, 0xf8, 0xf0, 0xf6,
  0x99, 0xf6, 0xa0, 0xf7, 0x57, 0xf9, 0xd1, 0xfb, 0x84, 0xfe, 0xf4, 0x00,
  0xd0, 0x02, 0x03, 0x04, 0x5a, 0x04, 0x03, 0x04, 0x54, 0x03, 0x2c, 0x02,
  0x25, 0x01, 0x52, 0x00, 0xdf, 0xff, 0xda, 0xff, 0x2c, 0x00, 0xb2, 0x00,
  0x3b, 0x01, 0x7c, 0x01, 0x67, 0x01, 0xbd, 0x00, 0x9b, 0xff, 0x16, 0xfe,
  0x80, 0xfc, 0xf7, 0xfa, 0x05, 0xfa, 0xae, 0xf9, 0x5d, 0xfa, 0xfe, 0xfb,
  0x6f, 0xfe, 0x92, 0x01, 0xde, 0x04, 0x08, 0x08, 0x16, 0x0a, 0xa0, 0x0b,
  0xf1, 0x0a, 0x0f, 0x09, 0xa3, 0x05, 0x0e, 0x01, 0xfd, 0xfb, 0x48, 0xf7,
  0x01, 0xf3, 0x44, 0xf0, 0x95, 0xef, 0xf3, 0xf0, 0x0f, 0xf5, 0x05, 0xfa,
  0x70, 0x00, 0x02, 0x07, 0xff, 0x0c, 0xca, 0x11, 0x87, 0x14, 0x87, 0x14,
  0xc9, 0x11, 0x50, 0x0c, 0x09, 0x05, 0x04, 0xfd, 0x0f, 0xf5, 0x87, 0xed,
  0x65, 0xe8, 0x06, 0xe7, 0x65, 0xe8, 0xd8, 0xec, 0xb0, 0xf3, 0xad, 0xfc,
  0x52, 0x06, 0xbc, 0x0f, 0x9b, 0x17, 0xb7, 0x1b, 0x15, 0x1d, 0x59, 0x1a,
  0xd8, 0x13, 0xf1, 0x0a, 0x5a, 0x00, 0x92, 0xf5, 0x7a, 0xeb, 0x49, 0xe4,
  0x2e, 0xe0, 0x2d, 0xe0, 0x4a, 0xe4, 0xd7, 0xec, 0x49, 0xf7, 0x28, 0x03,
  0x0d, 0x0f, 0xfb, 0x18, 0xd2, 0x1f, 0x8f, 0x22, 0x31, 0x21, 0x58, 0x1a,
  0x1b, 0x11, 0x4b, 0x05, 0xa7, 0xf8, 0xd8, 0xec, 0xeb, 0xe2, 0x70, 0xdd,
  0x12, 0xdc, 0xcf, 0xde, 0x06, 0xe7, 0xa2, 0xf1, 0x57, 0xfe, 0xa0, 0x0b,
  0x9c, 0x17, 0xd3, 0x1f, 0x4d, 0x25, 0x4c, 0x25, 0xd3, 0x1f, 0x9b, 0x17,
  0xf1, 0x0a, 0x88, 0xfd, 0x44, 0xf0, 0x49, 0xe4, 0x71, 0xdd, 0x55, 0xd9,
  0xb4, 0xda, 0x8c, 0xe1, 0x28, 0xec, 0xff, 0xf8, 0xaa, 0x06, 0xd7, 0x13,
  0x74, 0x1e, 0xee, 0x23, 0xab, 0x26, 0x8f, 0x22, 0xb7, 0x1b, 0x6c, 0x10,
  0xfc, 0x02, 0x92, 0xf5, 0xc3, 0xe9, 0x2e, 0xe0, 0xb3, 0xda, 0xb4, 0xda,
  0x2d, 0xe0, 0x65, 0xe8, 0x60, 0xf4, 0x25, 0x01, 0xae, 0x0d, 0xfa, 0x18,
  0xd2, 0x1f, 0xef, 0x23, 0x90, 0x22, 0x16, 0x1d, 0x28, 0x13, 0xb1, 0x07,
  0x22, 0xfb, 0x96, 0xef, 0xa7, 0xe5, 0x2d, 0xe0, 0xcf, 0xde, 0x8c, 0xe1,
  0x06, 0xe7, 0xf3, 0xf0, 0x55, 0xfc, 0x09, 0x08, 0x78, 0x12, 0x59, 0x1a,
  0x74, 0x1e, 0x74, 0x1e, 0x58, 0x1a, 0xd8, 0x13, 0x6e, 0x0a, 0x0b, 0x00,
  0xea, 0xf5, 0x87, 0xed, 0x06, 0xe7, 0x49, 0xe4, 0xa7, 0xe5, 0xc3, 0xe9,
  0xf3, 0xf0, 0x56, 0xf9, 0xa4, 0x02, 0xf2, 0x0a, 0xc9, 0x11, 0x3d, 0x16,
  0x9b, 0x17, 0x3d, 0x16, 0x1a, 0x11, 0xf1, 0x0a, 0x28, 0x03, 0x79, 0xfb,
  0x0f, 0xf5, 0x43, 0xf0, 0x87, 0xed, 0x87, 0xed, 0x95, 0xef, 0xb0, 0xf3,
  0x56, 0xf9, 0x4e, 0xff, 0x09, 0x05, 0xbe, 0x09, 0xff, 0x0c, 0x5d, 0x0e,
  0xae, 0x0d, 0xa1, 0x0b, 0xb0, 0x07, 0x7f, 0x03, 0x44, 0xff, 0x7b, 0xfb,
  0xa7, 0xf8, 0xf0, 0xf6, 0x99, 0xf6, 0xa0, 0xf7, 0x56, 0xf9, 0xfd, 0xfb,
  0x9a, 0xfe, 0xfe, 0x00, 0xd0, 0x02, 0x03, 0x04, 0x5a, 0x04, 0x03, 0x04,
  0x28, 0x03, 0x15, 0x02, 0x0f, 0x01, 0x47, 0x00, 0xdf, 0xff, 0xe5, 0xff,
  0x42, 0x00, 0xc8, 0x00, 0x51, 0x01, 0x92, 0x01, 0x66, 0x01, 0xbc, 0x00,
  0x90, 0xff, 0x01, 0xfe, 0x55, 0xfc, 0xb5, 0xfa, 0xad, 0xf9, 0xae, 0xf9,
  0x5d, 0xfa, 0xfd, 0xfb, 0x84, 0xfe, 0xa8, 0x01, 0x09, 0x05, 0x08, 0x08,
  0x6e, 0x0a, 0xa1, 0x0b, 0xf1, 0x0a, 0x10, 0x09, 0xa3, 0x05, 0xfe, 0x00,
  0xfe, 0xfb, 0xf1, 0xf6, 0x01, 0xf3, 0x44, 0xf0, 0x95, 0xef, 0xf4, 0xf0,
  0x0f, 0xf5, 0x06, 0xfa, 0x91, 0x00, 0x59, 0x07, 0xaf, 0x0d, 0xc9, 0x11,
  0x87, 0x14, 0x87, 0x14, 0xc9, 0x11, 0x50, 0x0c, 0x0a, 0x05, 0xd8, 0xfc,
  0x60, 0xf4, 0x87, 0xed, 0x65, 0xe8, 0x06, 0xe7, 0x65, 0xe8, 0xd8, 0xec,
  0xb0, 0xf3, 0xd8, 0xfc, 0xaa, 0x06, 0xbc, 0x0f, 0x9b, 0x17, 0xb7, 0x1b,
  0x15, 0x1d, 0x59, 0x1a, 0xd7, 0x13, 0xf1, 0x0a, 0x25, 0x00, 0x10, 0xf5,
  0x7a, 0xeb, 0x49, 0xe4, 0x2e, 0xe0, 0x2e, 0xe0, 0xa8, 0xe5, 0xd8, 0xec,
  0xa0, 0xf7, 0x7f, 0x03, 0x0d, 0x0f, 0xfa, 0x18, 0xd3, 0x1f, 0x8f, 0x22,
  0x31, 0x21, 0x59, 0x1a, 0x1b, 0x11, 0x4c, 0x05, 0x50, 0xf8, 0x28, 0xec,
  0xea, 0xe2, 0x70, 0xdd, 0x12, 0xdc, 0xcf, 0xde, 0x06, 0xe7, 0xa2, 0xf1,
  0x84, 0xfe, 0xa0, 0x0b, 0x9c, 0x17, 0xd2, 0x1f, 0x4c, 0x25, 0x4d, 0x25,
  0xd2, 0x1f, 0x9b, 0x17, 0xf1, 0x0a, 0x5c, 0xfd, 0x44, 0xf0, 0x49, 0xe4,
  0x71, 0xdd, 0x55, 0xd9, 0x13, 0xdc, 0x8d, 0xe1, 0x28, 0xec, 0xff, 0xf8,
  0xaa, 0x06, 0xd8, 0x13, 0x74, 0x1e, 0xee, 0x23, 0xab, 0x26, 0x8f, 0x22,
  0xb7, 0x1b, 0xbc, 0x0f, 0xa4, 0x02, 0x0f, 0xf5, 0xc3, 0xe9, 0x2e, 0xe0,
  0xb3, 0xda, 0xb4, 0xda, 0x2d, 0xe0, 0x65, 0xe8, 0x60, 0xf4, 0x51, 0x01,
  0x5d, 0x0e, 0xfa, 0x18, 0xd3, 0x1f, 0xee, 0x23, 0x90, 0x22, 0x16, 0x1d,
  0x28, 0x13, 0x59, 0x07, 0xf6, 0xfa, 0x94, 0xef, 0xa7, 0xe5, 0x2d, 0xe0,
  0xcf, 0xde, 0x8c, 0xe1, 0x64, 0xe8, 0xa3, 0xf1, 0xad, 0xfc, 0x08, 0x08,
  0x7a, 0x12, 0x58, 0x1a, 0x74, 0x1e, 0x74, 0x1e, 0x58, 0x1a, 0xd7, 0x13,
  0x6e, 0x0a, 0xdf, 0xff, 0xea, 0xf5, 0x87, 0xed, 0x06, 0xe7, 0x49, 0xe4,
  0xa7, 0xe5, 0xc3, 0xe9, 0xf3, 0xf0, 0xae, 0xf9, 0xd0, 0x02, 0xf1, 0x0a,
  0xca, 0x11, 0x3d, 0x16, 0x9b, 0x17, 0x36, 0x15, 0x1b, 0x11, 0x6e, 0x0a,
  0xfc, 0x02, 0x7a, 0xfb, 0x0f, 0xf5, 0x94, 0xef, 0x87, 0xed, 0x88, 0xed,
  0x95, 0xef, 0xb1, 0xf3, 0x56, 0xf9, 0x6f, 0xff, 0x4b, 0x05, 0xbf, 0x09,
  0xff, 0x0c, 0x5e, 0x0e, 0xae, 0x0d, 0xa0, 0x0b, 0xb1, 0x07, 0x7f, 0x03,
  0x23, 0xff, 0x4e, 0xfb, 0xa7, 0xf8, 0xf1, 0xf6, 0x99, 0xf6, 0xa0, 0xf7,
  0xae, 0xf9, 0xfe, 0xfb, 0xb0, 0xfe, 0x0f, 0x01, 0xfb, 0x02, 0x03, 0x04,
  0x5a, 0x04, 0x02, 0x04, 0x28, 0x03, 0x15, 0x02, 0x0f, 0x01, 0x3c, 0x00,
  0xd9, 0xff, 0xdf, 0xff, 0x3c, 0x00, 0xc8, 0x00, 0x50, 0x01, 0x93, 0x01,
  0x7d, 0x01, 0xc7, 0x00, 0x9b, 0xff, 0x00, 0xfe, 0x55, 0xfc, 0xb5, 0xfa,
  0xae, 0xf9, 0xae, 0xf9, 0x5d, 0xfa, 0xfd, 0xfb, 0x84, 0xfe, 0xa9, 0x01,
  0x09, 0x05, 0x08, 0x08, 0x6e, 0x0a, 0xa1, 0x0b, 0xf2, 0x0a, 0x0f, 0x09,
  0xa3, 0x05, 0xf3, 0x00, 0xd2, 0xfb, 0xf1, 0xf6, 0x01, 0xf3, 0x44, 0xf0,
  0x94, 0xef, 0xf3, 0xf0, 0x0f, 0xf5, 0x05, 0xfa, 0xa6, 0x00, 0x59, 0x07,
  0xae, 0x0d, 0x79, 0x12, 0x87, 0x14, 0x87, 0x14, 0xca, 0x11, 0x50, 0x0c,
  0xdd, 0x04, 0xad, 0xfc, 0x5f, 0xf4, 0x87, 0xed, 0x65, 0xe8, 0x06, 0xe7,
  0x65, 0xe8, 0xd7, 0xec, 0xb1, 0xf3, 0x04, 0xfd, 0xaa, 0x06, 0xbc, 0x0f,
  0x9c, 0x17, 0xb6, 0x1b, 0x15, 0x1d, 0x59, 0x1a, 0xd7, 0x13, 0xf1, 0x0a,
  0x00, 0x00, 0x0f, 0xf5, 0x79, 0xeb, 0x49, 0xe4, 0x2e, 0xe0, 0x2d, 0xe0,
  0xa8, 0xe5, 0xd8, 0xec, 0xa0, 0xf7, 0xab, 0x03, 0x0d, 0x0f, 0xfa, 0x18,
  0xd2, 0x1f, 0x8f, 0x22, 0x31, 0x21, 0x58, 0x1a, 0x1b, 0x11, 0x0a, 0x05,
  0x4f, 0xf8, 0x28, 0xec, 0xea, 0xe2, 0x70, 0xdd, 0x12, 0xdc, 0xcf, 0xde,
  0x06, 0xe7, 0xa3, 0xf1, 0xc5, 0xfe, 0x50, 0x0c, 0x9b, 0x17, 0x31, 0x21,
  0x4d, 0x25, 0x4d, 0x25, 0xd3, 0x1f, 0x3d, 0x16, 0xf1, 0x0a, 0x04, 0xfd,
  0x94, 0xef, 0x49, 0xe4, 0x71, 0xdd, 0x55, 0xd9, 0x12, 0xdc, 0x8c, 0xe1,
  0x29, 0xec, 0x57, 0xf9, 0x01, 0x07, 0xd7, 0x13, 0x74, 0x1e, 0xef, 0x23,
  0xab, 0x26, 0x8f, 0x22, 0x59, 0x1a, 0xbc, 0x0f, 0x78, 0x02, 0x0f, 0xf5,
  0x64, 0xe8, 0x2d, 0xe0, 0xb3, 0xda, 0xb3, 0xda, 0x2e, 0xe0, 0x64, 0xe8,
  0x60, 0xf4, 0x92, 0x01, 0x5e, 0x0e, 0xfa, 0x18, 0x31, 0x21, 0xee, 0x23,
  0x8f, 0x22, 0xb7, 0x1b, 0x28, 0x13, 0x59, 0x07, 0xb4, 0xfa, 0xe6, 0xee,
  0xa7, 0xe5, 0x2e, 0xe0, 0xcf, 0xde, 0x8c, 0xe1, 0x64, 0xe8, 0xa2, 0xf1,
  0xd8, 0xfc, 0x60, 0x08, 0x78, 0x12, 0x59, 0x1a, 0x74, 0x1e, 0x74, 0x1e,
  0x59, 0x1a, 0x29, 0x13, 0x16, 0x0a, 0xae, 0xff, 0x92, 0xf5, 0xd8, 0xec,
  0x06, 0xe7, 0x49, 0xe4, 0xa7, 0xe5, 0xc3, 0xe9, 0xf3, 0xf0, 0xae, 0xf9,
  0xfc, 0x02, 0xa1, 0x0b, 0xca, 0x11, 0x3d, 0x16, 0x9b, 0x17, 0x36, 0x15,
  0x1b, 0x11, 0x6d, 0x0a, 0xd0, 0x02, 0x4e, 0xfb, 0x5f, 0xf4, 0x95, 0xef,
  0x87, 0xed, 0x87, 0xed, 0x95, 0xef, 0xb0, 0xf3, 0x56, 0xf9, 0x90, 0xff,
  0x4c, 0x05, 0x15, 0x0a, 0xff, 0x0c, 0x5e, 0x0e, 0xaf, 0x0d, 0xf1, 0x0a,
  0xb1, 0x07, 0x54, 0x03, 0x0d, 0xff, 0x4e, 0xfb, 0x4f, 0xf8, 0xf0, 0xf6,
  0x99, 0xf6, 0xa0, 0xf7, 0xae, 0xf9, 0xfd, 0xfb, 0xaf, 0xfe, 0x24, 0x01,
  0xfc, 0x02, 0x03, 0x04, 0x5b, 0x04, 0x03, 0x04, 0x28, 0x03, 0x16, 0x02,
  0x0f, 0x01, 0x3d, 0x00, 0xda, 0xff, 0xe0, 0xff, 0x42, 0x00, 0xd3, 0x00,
  0x50, 0x01, 0x92, 0x01, 0x7c, 0x01, 0xc8, 0x00, 0x91, 0xff, 0x00, 0xfe,
  0x55, 0xfc, 0xb4, 0xfa, 0xae, 0xf9, 0xae, 0xf9, 0x5d, 0xfa, 0xfe, 0xfb,
  0x83, 0xfe, 0xbf, 0x01, 0x09, 0x05, 0x08, 0x08, 0x6d, 0x0a, 0xa1, 0x0b,
  0xf1, 0x0a, 0x0f, 0x09, 0x4b, 0x05, 0xde, 0x00, 0xd2, 0xfb, 0xf1, 0xf6,
  0x01, 0xf3, 0x44, 0xf0, 0x95, 0xef, 0xf4, 0xf0, 0x0f, 0xf5, 0x5d, 0xfa,
  0xbd, 0x00, 0x59, 0x07, 0xae, 0x0d, 0x79, 0x12, 0x87, 0x14, 0x86, 0x14,
  0xca, 0x11, 0x50, 0x0c, 0xb2, 0x04, 0x81, 0xfc, 0x60, 0xf4, 0x87, 0xed,
  0x65, 0xe8, 0x06, 0xe7, 0x64, 0xe8, 0xd8, 0xec, 0x60, 0xf4, 0x30, 0xfd,
  0x02, 0x07, 0x6c, 0x10, 0x9c, 0x17, 0xb8, 0x1b, 0x15, 0x1d, 0x58, 0x1a,
  0x28, 0x13, 0x6e, 0x0a, 0xc9, 0xff, 0x0f, 0xf5, 0x79, 0xeb, 0x4a, 0xe4,
  0x2d, 0xe0, 0x2e, 0xe0, 0xa8, 0xe5, 0x87, 0xed, 0xf8, 0xf7, 0xd7, 0x03,
  0xbc, 0x0f, 0xfa, 0x18, 0xd3, 0x1f, 0x90, 0x22, 0x31, 0x21, 0x59, 0x1a,
  0x1a, 0x11, 0xde, 0x04, 0xf8, 0xf7, 0x28, 0xec, 0xeb, 0xe2, 0x70, 0xdd,
  0x11, 0xdc, 0xcf, 0xde, 0x07, 0xe7, 0xa2, 0xf1, 0x01, 0xff, 0x50, 0x0c,
  0x9c, 0x17, 0x31, 0x21, 0x4c, 0x25, 0x4c, 0x25, 0xd3, 0x1f, 0x3c, 0x16,
  0x6e, 0x0a, 0xd8, 0xfc, 0x94, 0xef, 0x49, 0xe4, 0x12, 0xdc, 0x55, 0xd9,
  0x12, 0xdc, 0x8c, 0xe1, 0xd8, 0xec, 0xae, 0xf9, 0x59, 0x07, 0x87, 0x14,
  0x74, 0x1e, 0x4d, 0x25, 0xab, 0x26, 0x8f, 0x22, 0x58, 0x1a, 0xbc, 0x0f,
  0x2c, 0x02, 0x5f, 0xf4, 0x65, 0xe8, 0x2d, 0xe0, 0xb3, 0xda, 0xb4, 0xda,
  0x2d, 0xe0, 0x64, 0xe8, 0x0f, 0xf5, 0xd4, 0x01, 0x5d, 0x0e, 0xfa, 0x18,
  0x32, 0x21, 0xee, 0x23, 0x90, 0x22, 0xb7, 0x1b, 0x79, 0x12, 0x02, 0x07,
  0x5e, 0xfa, 0xe5, 0xee, 0xa8, 0xe5, 0x2e, 0xe0, 0xcf, 0xde, 0x8c, 0xe1,
  0x65, 0xe8, 0xa2, 0xf1, 0x04, 0xfd, 0x60, 0x08, 0x79, 0x12, 0x59, 0x1a,
  0x74, 0x1e, 0x74, 0x1e, 0x58, 0x1a, 0x29, 0x13, 0xbf, 0x09, 0x6f, 0xff,
  0x0f, 0xf5, 0xd8, 0xec, 0x06, 0xe7, 0x49, 0xe4, 0xa8, 0xe5, 0xc3, 0xe9,
  0xa3, 0xf1, 0x05, 0xfa, 0x28, 0x03, 0xa0, 0x0b, 0x7a, 0x12, 0x3d, 0x16,
  0x9b, 0x17, 0x35, 0x15, 0x6b, 0x10, 0x16, 0x0a, 0xa4, 0x02, 0x23, 0xfb,
  0x60, 0xf4, 0x94, 0xef, 0x87, 0xed, 0x87, 0xed, 0x95, 0xef, 0xb0, 0xf3,
  0xae, 0xf9, 0xb9, 0xff, 0x4b, 0x05, 0x16, 0x0a, 0xff, 0x0c, 0x5d, 0x0e,
  0xae, 0x0d, 0xf1, 0x0a, 0xb1, 0x07, 0x27, 0x03, 0xf1, 0xfe, 0x22, 0xfb,
  0x4f, 0xf8, 0xf1, 0xf6, 0x99, 0xf6, 0xa1, 0xf7, 0xae, 0xf9, 0x29, 0xfc,
  0xdc, 0xfe, 0x25, 0x01, 0xfc, 0x02, 0x02, 0x04, 0x5a, 0x04, 0x03, 0x04,
  0xfc, 0x02, 0x00, 0x02, 0xf3, 0x00, 0x2b, 0x00, 0xcf, 0xff, 0xda, 0xff,
  0x41, 0x00, 0xd3, 0x00, 0x67, 0x01, 0xa8, 0x01, 0x7d, 0x01, 0xc7, 0x00,
  0x9b, 0xff, 0x00, 0xfe, 0x55, 0xfc, 0xb4, 0xfa, 0xad, 0xf9, 0x56, 0xf9,
  0x5d, 0xfa, 0xfd, 0xfb, 0x84, 0xfe, 0xbf, 0x01, 0x4b, 0x05, 0x60, 0x08,
  0x6e, 0x0a, 0xa0, 0x0b, 0xf0, 0x0a, 0x0f, 0x09, 0x4c, 0x05, 0xde, 0x00,
  0xd1, 0xfb, 0xf1, 0xf6, 0x00, 0xf3, 0x44, 0xf0, 0x95, 0xef, 0xf4, 0xf0,
  0x0e, 0xf5, 0x5d, 0xfa, 0xd3, 0x00, 0xb0, 0x07, 0xae, 0x0d, 0x79, 0x12,
  0x87, 0x14, 0x87, 0x14, 0xca, 0x11, 0x4f, 0x0c, 0xb3, 0x04, 0x81, 0xfc,
  0x60, 0xf4, 0x87, 0xed, 0x64, 0xe8, 0x06, 0xe7, 0x64, 0xe8, 0xd8, 0xec,
  0x5f, 0xf4, 0x5c, 0xfd, 0x02, 0x07, 0x6b, 0x10, 0x9b, 0x17, 0xb7, 0x1b,
  0x16, 0x1d, 0x58, 0x1a, 0x28, 0x13, 0x6e, 0x0a, 0xae, 0xff, 0x0f, 0xf5,
  0xca, 0xea, 0x4a, 0xe4, 0x2e, 0xe0, 0x2d, 0xe0, 0xa7, 0xe5, 0x87, 0xed,
  0xf8, 0xf7, 0x02, 0x04, 0xbc, 0x0f, 0xfa, 0x18, 0xd2, 0x1f, 0x8f, 0x22,
  0x32, 0x21, 0x59, 0x1a, 0x6c, 0x10, 0xb2, 0x04, 0xf8, 0xf7, 0x28, 0xec,
  0xea, 0xe2, 0x12, 0xdc, 0x12, 0xdc, 0xcf, 0xde, 0x06, 0xe7, 0x52, 0xf2,
  0x22, 0xff, 0x50, 0x0c, 0x9b, 0x17, 0x31, 0x21, 0x4d, 0x25, 0x4c, 0x25,
  0xd3, 0x1f, 0x3d, 0x16, 0x6e, 0x0a, 0xac, 0xfc, 0x95, 0xef, 0x49, 0xe4,
  0x12, 0xdc, 0x55, 0xd9, 0x12, 0xdc, 0x8c, 0xe1, 0xd8, 0xec, 0xae, 0xf9,
  0x59, 0x07, 0x87, 0x14, 0x74, 0x1e, 0x4e, 0x25, 0xab, 0x26, 0x90, 0x22,
  0x59, 0x1a, 0x0d, 0x0f, 0x00, 0x02, 0x5f, 0xf4, 0x65, 0xe8, 0x2d, 0xe0,
  0xb3, 0xda, 0xb3, 0xda, 0x2d, 0xe0, 0x64, 0xe8, 0x0f, 0xf5, 0x00, 0x02,
  0x0d, 0x0f, 0xfa, 0x18, 0x31, 0x21, 0xee, 0x23, 0x8f, 0x22, 0xb7, 0x1b,
  0x7a, 0x12, 0xaa, 0x06, 0x5d, 0xfa, 0xe5, 0xee, 0xa7, 0xe5, 0x2d, 0xe0,
  0xcf, 0xde, 0x8d, 0xe1, 0x65, 0xe8, 0xa2, 0xf1, 0x30, 0xfd, 0xb8, 0x08,
  0x79, 0x12, 0x59, 0x1a, 0x74, 0x1e, 0x74, 0x1e, 0x58, 0x1a, 0x28, 0x13,
  0xbe, 0x09, 0x4e, 0xff, 0x0e, 0xf5, 0xd8, 0xec, 0x06, 0xe7, 0x49, 0xe4,
  0xa7, 0xe5, 0xc3, 0xe9, 0xa3, 0xf1, 0x05, 0xfa, 0x53, 0x03, 0xa0, 0x0b,
  0x79, 0x12, 0x3d, 0x16, 0x9b, 0x17, 0x36, 0x15, 0x6b, 0x10, 0x16, 0x0a,
  0x78, 0x02, 0xf6, 0xfa, 0x5f, 0xf4, 0x95, 0xef, 0x87, 0xed, 0x87, 0xed,
  0x95, 0xef, 0x60, 0xf4, 0xae, 0xf9, 0xca, 0xff, 0xa2, 0x05, 0x16, 0x0a,
  0xff, 0x0c, 0x5e, 0x0e, 0xae, 0x0d, 0xf0, 0x0a, 0x59, 0x07, 0x27, 0x03,
  0xdb, 0xfe, 0x23, 0xfb, 0x50, 0xf8, 0xf1, 0xf6, 0x9a, 0xf6, 0xa0, 0xf7,
  0xad, 0xf9, 0x28, 0xfc, 0xdb, 0xfe, 0x3b, 0x01, 0xfc, 0x02, 0x02, 0x04,
  0x5a, 0x04, 0xd7, 0x03, 0xfc, 0x02, 0xff, 0x01, 0xe8, 0x00, 0x2c, 0x00,
  0xcf, 0xff, 0xdf, 0xff, 0x47, 0x00, 0xde, 0x00, 0x67, 0x01, 0xa9, 0x01,
  0x7d, 0x01, 0xc7, 0x00, 0x90, 0xff, 0x00, 0xfe, 0x55, 0xfc, 0xb5, 0xfa,
  0xae, 0xf9, 0x56, 0xf9, 0x5d, 0xfa, 0xfd, 0xfb, 0x99, 0xfe, 0xd4, 0x01,
  0x4b, 0x05, 0x60, 0x08, 0x6e, 0x0a, 0xa0, 0x0b, 0xf1, 0x0a, 0x0e, 0x09,
  0x4b, 0x05, 0xc7, 0x00, 0xa6, 0xfb, 0x9a, 0xf6, 0x01, 0xf3, 0x44, 0xf0,
  0x94, 0xef, 0xf3, 0xf0, 0x0f, 0xf5, 0x5d, 0xfa, 0xe8, 0x00, 0xb1, 0x07,
  0xae, 0x0d, 0x78, 0x12, 0x86, 0x14, 0x87, 0x14, 0x1b, 0x11, 0xa1, 0x0b,
  0x86, 0x04, 0x55, 0xfc, 0x5f, 0xf4, 0x87, 0xed, 0x64, 0xe8, 0x06, 0xe7,
  0x64, 0xe8, 0xd8, 0xec, 0x5f, 0xf4, 0x88, 0xfd, 0x59, 0x07, 0x6b, 0x10,
  0x9c, 0x17, 0xb7, 0x1b, 0x15, 0x1d, 0x59, 0x1a, 0x28, 0x13, 0x17, 0x0a,
  0x85, 0xff, 0x5f, 0xf4, 0xca, 0xea, 0x49, 0xe4, 0x2e, 0xe0, 0x2d, 0xe0,
  0xa8, 0xe5, 0x87, 0xed, 0x4f, 0xf8, 0x2e, 0x04, 0xbc, 0x0f, 0xfa, 0x18,
  0xd3, 0x1f, 0x90, 0x22, 0x31, 0x21, 0x59, 0x1a, 0x6b, 0x10, 0x86, 0x04,
  0xa0, 0xf7, 0x79, 0xeb, 0xea, 0xe2, 0x12, 0xdc, 0x12, 0xdc, 0xcf, 0xde,
  0x06, 0xe7, 0x52, 0xf2, 0x64, 0xff, 0x4f, 0x0c, 0xfa, 0x18, 0x31, 0x21,
  0x4d, 0x25, 0x4d, 0x25, 0xd2, 0x1f, 0x3d, 0x16, 0x16, 0x0a, 0x56, 0xfc,
  0xe5, 0xee, 0x49, 0xe4, 0x12, 0xdc, 0x54, 0xd9, 0x12, 0xdc, 0xea, 0xe2,
  0xd8, 0xec, 0x05, 0xfa, 0xb1, 0x07, 0x87, 0x14, 0x74, 0x1e, 0x4d, 0x25,
  0xab, 0x26, 0x8f, 0x22, 0x58, 0x1a, 0x0d, 0x0f, 0xd4, 0x01, 0x5f, 0xf4,
  0x64, 0xe8, 0x2e, 0xe0, 0xb3, 0xda, 0xb3, 0xda, 0x2d, 0xe0, 0xc3, 0xe9,
  0x0e, 0xf5, 0x42, 0x02, 0x0d, 0x0f, 0xfa, 0x18, 0x32, 0x21, 0xee, 0x23,
  0x90, 0x22, 0xb7, 0x1b, 0x79, 0x12, 0xaa, 0x06, 0x06, 0xfa, 0x36, 0xee,
  0xa7, 0xe5, 0x2d, 0xe0, 0xcf, 0xde, 0x8d, 0xe1, 0x64, 0xe8, 0x52, 0xf2,
  0x5b, 0xfd, 0xb8, 0x08, 0x28, 0x13, 0x58, 0x1a, 0x73, 0x1e, 0x74, 0x1e,
  0x59, 0x1a, 0x29, 0x13, 0x67, 0x09, 0x23, 0xff, 0x0f, 0xf5, 0xd7, 0xec,
  0x06, 0xe7, 0x4a, 0xe4, 0xa7, 0xe5, 0xca, 0xea, 0xa3, 0xf1, 0x5d, 0xfa,
  0x7f, 0x03, 0xa0, 0x0b, 0x79, 0x12, 0x3d, 0x16, 0x9b, 0x17, 0x36, 0x15,
  0x6c, 0x10, 0x16, 0x0a, 0x58, 0x02, 0xb5, 0xfa, 0x60, 0xf4, 0x95, 0xef,
  0x87, 0xed, 0x87, 0xed, 0x95, 0xef, 0x60, 0xf4, 0xae, 0xf9, 0xea, 0xff,
  0xa3, 0x05, 0x16, 0x0a, 0x00, 0x0d, 0x5d, 0x0e, 0xae, 0x0d, 0xf1, 0x0a,
  0x59, 0x07, 0x28, 0x03, 0xc5, 0xfe, 0xf6, 0xfa, 0x4f, 0xf8, 0xf1, 0xf6,
  0x99, 0xf6, 0xa0, 0xf7, 0xae, 0xf9, 0x55, 0xfc, 0xf1, 0xfe, 0x51, 0x01,
  0x28, 0x03, 0x2e, 0x04, 0x5a, 0x04, 0xd7, 0x03, 0xfc, 0x02, 0xea, 0x01,
  0xde, 0x00, 0x1b, 0x00, 0xbf, 0xff, 0xd4, 0xff, 0x41, 0x00, 0xdd, 0x00,
  0x66, 0x01, 0xa8, 0x01, 0x7c, 0x01, 0xd2, 0x00, 0x9b, 0xff, 0x00, 0xfe,
  0x55, 0xfc, 0xb4, 0xfa, 0xae, 0xf9, 0x56, 0xf9, 0x5d, 0xfa, 0xfd, 0xfb,
  0x99, 0xfe, 0xd4, 0x01, 0x4b, 0x05, 0x60, 0x08, 0x6e, 0x0a, 0xa1, 0x0b,
  0xf1, 0x0a, 0x0f, 0x09, 0x4b, 0x05, 0xbd, 0x00, 0xa6, 0xfb, 0x99, 0xf6,
  0x01, 0xf3, 0x44, 0xf0, 0x95, 0xef, 0xf3, 0xf0, 0x0f, 0xf5, 0x5d, 0xfa,
  0xff, 0x00, 0xb0, 0x07, 0xae, 0x0d, 0x79, 0x12, 0x87, 0x14, 0x87, 0x14,
  0x1b, 0x11, 0xa0, 0x0b, 0x86, 0x04, 0x29, 0xfc, 0x60, 0xf4, 0x87, 0xed,
  0x65, 0xe8, 0x06, 0xe7, 0x64, 0xe8, 0xd8, 0xec, 0x60, 0xf4, 0x88, 0xfd,
  0x59, 0x07, 0x6b, 0x10, 0x9c, 0x17, 0xb7, 0x1b, 0x15, 0x1d, 0x59, 0x1a,
  0x29, 0x13, 0x17, 0x0a, 0x5a, 0xff, 0x5f, 0xf4, 0xca, 0xea, 0x49, 0xe4,
  0x2e, 0xe0, 0x2e, 0xe0, 0xa7, 0xe5, 0x86, 0xed, 0x4f, 0xf8, 0x5a, 0x04,
  0xbc, 0x0f, 0x58, 0x1a, 0xd2, 0x1f, 0x90, 0x22, 0x30, 0x21, 0x59, 0x1a,
  0x6b, 0x10, 0x2f, 0x04, 0x49, 0xf7, 0x79, 0xeb, 0x8c, 0xe1, 0x12, 0xdc,
  0x12, 0xdc, 0xcf, 0xde, 0x06, 0xe7, 0x52, 0xf2, 0x9b, 0xff, 0xff, 0x0c,
  0xfa, 0x18, 0x31, 0x21, 0x4c, 0x25, 0x4c, 0x25, 0xd2, 0x1f, 0x3d, 0x16,
  0xbe, 0x09, 0x29, 0xfc, 0xe5, 0xee, 0x49, 0xe4, 0x12, 0xdc, 0x55, 0xd9,
  0x12, 0xdc, 0xea, 0xe2, 0xd7, 0xec, 0x05, 0xfa, 0x08, 0x08, 0x87, 0x14,
  0x74, 0x1e, 0x4d, 0x25, 0xab, 0x26, 0x90, 0x22, 0x59, 0x1a, 0x0d, 0x0f,
  0x92, 0x01, 0x60, 0xf4, 0x65, 0xe8, 0xcf, 0xde, 0xb3, 0xda, 0xb4, 0xda,
  0x2d, 0xe0, 0xc3, 0xe9, 0x0f, 0xf5, 0x78, 0x02, 0x0c, 0x0f, 0x59, 0x1a,
  0x31, 0x21, 0xee, 0x23, 0x90, 0x22, 0xb7, 0x1b, 0x79, 0x12, 0x52, 0x06,
  0xae, 0xf9, 0x36, 0xee, 0xa8, 0xe5, 0x2e, 0xe0, 0xcf, 0xde, 0x8c, 0xe1,
  0x65, 0xe8, 0x52, 0xf2, 0xa9, 0xfd, 0x0f, 0x09, 0x28, 0x13, 0x59, 0x1a,
  0x74, 0x1e, 0x74, 0x1e, 0x58, 0x1a, 0x28, 0x13, 0x67, 0x09, 0xda, 0xfe,
  0x0e, 0xf5, 0xd8, 0xec, 0x06, 0xe7, 0x49, 0xe4, 0xa7, 0xe5, 0xca, 0xea,
  0xa3, 0xf1, 0x5d, 0xfa, 0xab, 0x03, 0x50, 0x0c, 0x79, 0x12, 0x3d, 0x16,
  0x9c, 0x17, 0x36, 0x15, 0x6b, 0x10, 0xbf, 0x09, 0x42, 0x02, 0xb4, 0xfa,
  0x5f, 0xf4, 0x95, 0xef, 0xd7, 0xec, 0x87, 0xed, 0x94, 0xef, 0x60, 0xf4,
  0x05, 0xfa, 0x0b, 0x00, 0xa3, 0x05, 0x6d, 0x0a, 0xff, 0x0c, 0x5e, 0x0e,
  0xae, 0x0d, 0xf1, 0x0a, 0x59, 0x07, 0xfc, 0x02, 0xaf, 0xfe, 0xf7, 0xfa,
  0x4f, 0xf8, 0xf1, 0xf6, 0x9a, 0xf6, 0xf8, 0xf7, 0xae, 0xf9, 0x55, 0xfc,
  0xf1, 0xfe, 0x50, 0x01, 0x27, 0x03, 0x03, 0x04, 0x5a, 0x04, 0xd7, 0x03,
  0xfc, 0x02, 0xea, 0x01, 0xdd, 0x00, 0x1b, 0x00, 0xca, 0xff, 0xdf, 0xff,
  0x52, 0x00, 0xe8, 0x00, 0x7c, 0x01, 0xbe, 0x01, 0x7c, 0x01, 0xc8, 0x00,
  0x85, 0xff, 0xea, 0xfd, 0x28, 0xfc, 0xb4, 0xfa, 0xae, 0xf9, 0x56, 0xf9,
  0x5e, 0xfa, 0xfd, 0xfb, 0xaf, 0xfe, 0xea, 0x01, 0x4b, 0x05, 0x60, 0x08,
  0xf1, 0x0a, 0xa1, 0x0b, 0xf1, 0x0a, 0xb7, 0x08, 0x4b, 0x05, 0x9c, 0x00,
  0x7a, 0xfb, 0x99, 0xf6, 0x52, 0xf2, 0x44, 0xf0, 0x95, 0xef, 0xf4, 0xf0,
  0x0f, 0xf5, 0xb5, 0xfa, 0x25, 0x01, 0x08, 0x08, 0x5d, 0x0e, 0x79, 0x12,
  0x87, 0x14, 0x87, 0x14, 0x1a, 0x11, 0xa0, 0x0b, 0x5a, 0x04, 0xfd, 0xfb,
  0xb0, 0xf3, 0xd8, 0xec, 0x64, 0xe8, 0x06, 0xe7, 0x64, 0xe8, 0xd8, 0xec,
  0x60, 0xf4, 0xd4, 0xfd, 0xb0, 0x07, 0x6b, 0x10, 0x9b, 0x17, 0xb7, 0x1b,
  0x15, 0x1d, 0xfa, 0x18, 0x28, 0x13, 0xbe, 0x09, 0x17, 0xff, 0x5f, 0xf4,
  0xca, 0xea, 0xea, 0xe2, 0x2e, 0xe0, 0x2d, 0xe0, 0xa7, 0xe5, 0x87, 0xed,
  0xa7, 0xf8, 0xb2, 0x04, 0x6b, 0x10, 0x59, 0x1a, 0xd2, 0x1f, 0x90, 0x22,
  0x31, 0x21, 0x58, 0x1a, 0x6b, 0x10, 0x03, 0x04, 0x49, 0xf7, 0x79, 0xeb,
  0x8c, 0xe1, 0x12, 0xdc, 0x12, 0xdc, 0xcf, 0xde, 0x06, 0xe7, 0x01, 0xf3,
  0xdf, 0xff, 0xfe, 0x0c, 0xfa, 0x18, 0x31, 0x21, 0x4c, 0x25, 0x4d, 0x25,
  0xd2, 0x1f, 0x3d, 0x16, 0xbe, 0x09, 0xfe, 0xfb, 0xe5, 0xee, 0x49, 0xe4,
  0x11, 0xdc, 0x55, 0xd9, 0x12, 0xdc, 0xeb, 0xe2, 0x87, 0xed, 0x5d, 0xfa,
  0x60, 0x08, 0x36, 0x15, 0x74, 0x1e, 0x4c, 0x25, 0xab, 0x26, 0x8f, 0x22,
  0x59, 0x1a, 0x5d, 0x0e, 0x51, 0x01, 0xb0, 0xf3, 0x65, 0xe8, 0xcf, 0xde,
  0xb3, 0xda, 0x12, 0xdc, 0x2d, 0xe0, 0xc3, 0xe9, 0x92, 0xf5, 0xa5, 0x02,
  0x0d, 0x0f, 0x58, 0x1a, 0x31, 0x21, 0xee, 0x23, 0x90, 0x22, 0xb7, 0x1b,
  0xca, 0x11, 0xfa, 0x05, 0xae, 0xf9, 0x37, 0xee, 0xa8, 0xe5, 0x2e, 0xe0,
  0xcf, 0xde, 0x8b, 0xe1, 0x64, 0xe8, 0x52, 0xf2, 0xd4, 0xfd, 0x67, 0x09,
  0x28, 0x13, 0x58, 0x1a, 0x75, 0x1e, 0x74, 0x1e, 0x58, 0x1a, 0x7a, 0x12,
  0x0f, 0x09, 0xc5, 0xfe, 0x0f, 0xf5, 0x29, 0xec, 0x06, 0xe7, 0x49, 0xe4,
  0xa8, 0xe5, 0xca, 0xea, 0xa2, 0xf1, 0xb5, 0xfa, 0xd7, 0x03, 0x50, 0x0c,
  0x79, 0x12, 0x3d, 0x16, 0x9c, 0x17, 0x36, 0x15, 0x6b, 0x10, 0xbe, 0x09,
  0x15, 0x02, 0xb4, 0xfa, 0x5f, 0xf4, 0x95, 0xef, 0x87, 0xed, 0x87, 0xed,
  0x44, 0xf0, 0x60, 0xf4, 0x06, 0xfa, 0x26, 0x00, 0xa2, 0x05, 0x6e, 0x0a,
  0xff, 0x0c, 0x5d, 0x0e, 0xae, 0x0d, 0xf2, 0x0a, 0x02, 0x07, 0xd0, 0x02,
  0x9a, 0xfe, 0xf6, 0xfa, 0x4f, 0xf8, 0xf1, 0xf6, 0xf1, 0xf6, 0xf8, 0xf7,
  0x05, 0xfa, 0x81, 0xfc, 0x0c, 0xff, 0x67, 0x01, 0x27, 0x03, 0x03, 0x04,
  0x2e, 0x04, 0xd7, 0x03, 0xd0, 0x02, 0xd4, 0x01, 0xc8, 0x00, 0x10, 0x00,
  0xc4, 0xff, 0xe5, 0xff, 0x5a, 0x00, 0xff, 0x00, 0x92, 0x01, 0xd4, 0x01,
  0x92, 0x01, 0xd2, 0x00, 0x85, 0xff, 0xea, 0xfd, 0x29, 0xfc, 0xb5, 0xfa,
  0xae, 0xf9, 0x56, 0xf9, 0x05, 0xfa, 0xfd, 0xfb, 0xb0, 0xfe, 0xea, 0x01,
  0x4b, 0x05, 0x60, 0x08, 0xf1, 0x0a, 0xa0, 0x0b, 0xf2, 0x0a, 0xb8, 0x08,
  0x4b, 0x05, 0x91, 0x00, 0x7a, 0xfb, 0x98, 0xf6, 0x51, 0xf2, 0x44, 0xf0,
  0x94, 0xef, 0xf3, 0xf0, 0x0e, 0xf5, 0xb4, 0xfa, 0x3a, 0x01, 0x08, 0x08,
  0x5e, 0x0e, 0x79, 0x12, 0x36, 0x15, 0x86, 0x14, 0x1b, 0x11, 0xa1, 0x0b,
  0x2e, 0x04, 0xd2, 0xfb, 0xb1, 0xf3, 0xd8, 0xec, 0x64, 0xe8, 0x06, 0xe7,
  0x64, 0xe8, 0x87, 0xed, 0x5f, 0xf4, 0xea, 0xfd, 0xb1, 0x07, 0x1a, 0x11,
  0x9c, 0x17, 0xb7, 0x1b, 0x15, 0x1d, 0xfa, 0x18, 0x28, 0x13, 0xbf, 0x09,
  0xf1, 0xfe, 0x5f, 0xf4, 0xca, 0xea, 0xeb, 0xe2, 0x2d, 0xe0, 0x2d, 0xe0,
  0xa7, 0xe5, 0x36, 0xee, 0xa7, 0xf8, 0xde, 0x04, 0x6b, 0x10, 0x59, 0x1a,
  0xd3, 0x1f, 0x90, 0x22, 0xd3, 0x1f, 0x59, 0x1a, 0xbc, 0x0f, 0xd6, 0x03,
  0xf1, 0xf6, 0x79, 0xeb, 0x8c, 0xe1, 0x12, 0xdc, 0x12, 0xdc, 0xcf, 0xde,
  0x06, 0xe7, 0x01, 0xf3, 0x0a, 0x00, 0xff, 0x0c, 0xfa, 0x18, 0x31, 0x21,
  0x4d, 0x25, 0x4d, 0x25, 0xd2, 0x1f, 0x3d, 0x16, 0x67, 0x09, 0xa6, 0xfb,
  0x36, 0xee, 0xea, 0xe2, 0x12, 0xdc, 0x54, 0xd9, 0x12, 0xdc, 0xea, 0xe2,
  0x87, 0xed, 0xb5, 0xfa, 0x60, 0x08, 0x36, 0x15, 0x74, 0x1e, 0x4c, 0x25,
  0xab, 0x26, 0x8f, 0x22, 0x58, 0x1a, 0x5e, 0x0e, 0x0f, 0x01, 0xb0, 0xf3,
  0x65, 0xe8, 0xcf, 0xde, 0xb4, 0xda, 0x11, 0xdc, 0x2d, 0xe0, 0xc3, 0xe9,
  0xea, 0xf5, 0xfc, 0x02, 0xbc, 0x0f, 0x58, 0x1a, 0x31, 0x21, 0xee, 0x23,
  0x32, 0x21, 0xb7, 0x1b, 0xca, 0x11, 0xfb, 0x05, 0x56, 0xf9, 0x36, 0xee,
  0xa7, 0xe5, 0x2e, 0xe0, 0xce, 0xde, 0x8c, 0xe1, 0x65, 0xe8, 0x52, 0xf2,
  0xff, 0xfd, 0x67, 0x09, 0x28, 0x13, 0x58, 0x1a, 0x74, 0x1e, 0x74, 0x1e,
  0x58, 0x1a, 0x79, 0x12, 0x10, 0x09, 0x99, 0xfe, 0x60, 0xf4, 0x28, 0xec,
  0x06, 0xe7, 0x49, 0xe4, 0xa7, 0xe5, 0xca, 0xea, 0x52, 0xf2, 0xb4, 0xfa,
  0x02, 0x04, 0x50, 0x0c, 0x78, 0x12, 0x3d, 0x16, 0x9c, 0x17, 0x36, 0x15,
  0x6c, 0x10, 0x67, 0x09, 0xea, 0x01, 0x5d, 0xfa, 0xb0, 0xf3, 0x94, 0xef,
  0xd8, 0xec, 0x87, 0xed, 0x44, 0xf0, 0x60, 0xf4, 0x5d, 0xfa, 0x41, 0x00,
  0xfa, 0x05, 0x6e, 0x0a, 0xff, 0x0c, 0x5e, 0x0e, 0xae, 0x0d, 0xf1, 0x0a,
  0x01, 0x07, 0xd0, 0x02, 0x84, 0xfe, 0xb5, 0xfa, 0x4f, 0xf8, 0xf1, 0xf6,
  0xf1, 0xf6, 0xf7, 0xf7, 0x06, 0xfa, 0x81, 0xfc, 0x18, 0xff, 0x67, 0x01,
  0x28, 0x03, 0x03, 0x04, 0x2f, 0x04, 0xd7, 0x03, 0xd0, 0x02, 0xd4, 0x01,
  0xc8, 0x00, 0x10, 0x00, 0xc4, 0xff, 0xe5, 0xff, 0x5a, 0x00, 0xff, 0x00,
  0x92, 0x01, 0xd4, 0x01, 0x92, 0x01, 0xc8, 0x00, 0x85, 0xff, 0xd4, 0xfd,
  0x29, 0xfc, 0xb4, 0xfa, 0xae, 0xf9, 0x56, 0xf9, 0x05, 0xfa, 0xfd, 0xfb,
  0xb0, 0xfe, 0xff, 0x01, 0x4b, 0x05, 0x60, 0x08, 0xf1, 0x0a, 0xa0, 0x0b,
  0xf2, 0x0a, 0xb7, 0x08, 0x4b, 0x05, 0x7a, 0x00, 0x4e, 0xfb, 0x42, 0xf6,
  0x52, 0xf2, 0x44, 0xf0, 0x95, 0xef, 0xa2, 0xf1, 0x0f, 0xf5, 0xb5, 0xfa,
  0x50, 0x01, 0x08, 0x08, 0x5d, 0x0e, 0x79, 0x12, 0x37, 0x15, 0x87, 0x14,
  0x1a, 0x11, 0xa0, 0x0b, 0x2e, 0x04, 0xd1, 0xfb, 0xb0, 0xf3, 0xd8, 0xec,
  0x65, 0xe8, 0x06, 0xe7, 0x64, 0xe8, 0x87, 0xed, 0x0f, 0xf5, 0x15, 0xfe,
  0xb1, 0x07, 0x1b, 0x11, 0x9b, 0x17, 0xb7, 0x1b, 0x15, 0x1d, 0xfb, 0x18,
  0x28, 0x13, 0xbe, 0x09, 0xc5, 0xfe, 0xb0, 0xf3, 0xc2, 0xe9, 0xea, 0xe2,
  0x2d, 0xe0, 0x2d, 0xe0, 0xa8, 0xe5, 0x36, 0xee, 0xfe, 0xf8, 0x0a, 0x05,
  0x6b, 0x10, 0x58, 0x1a, 0x31, 0x21, 0x90, 0x22, 0xd2, 0x1f, 0x59, 0x1a,
  0xbb, 0x0f, 0xab, 0x03, 0xf1, 0xf6, 0xca, 0xea, 0x8c, 0xe1, 0x12, 0xdc,
  0x12, 0xdc, 0xcf, 0xde, 0x06, 0xe7, 0x01, 0xf3, 0x41, 0x00, 0xae, 0x0d,
  0xfa, 0x18, 0x31, 0x21, 0x4d, 0x25, 0x4d, 0x25, 0xd2, 0x1f, 0x3d, 0x16,
  0x10, 0x09, 0x7a, 0xfb, 0x36, 0xee, 0xea, 0xe2, 0x12, 0xdc, 0x55, 0xd9,
  0x12, 0xdc, 0xeb, 0xe2, 0x87, 0xed, 0xb5, 0xfa, 0xb7, 0x08, 0x36, 0x15,
  0xd2, 0x1f, 0x4d, 0x25, 0xab, 0x26, 0x90, 0x22, 0x58, 0x1a, 0x5d, 0x0e,
  0xdd, 0x00, 0xb0, 0xf3, 0x06, 0xe7, 0xcf, 0xde, 0xb3, 0xda, 0x12, 0xdc,
  0x2e, 0xe0, 0xc3, 0xe9, 0xea, 0xf5, 0x28, 0x03, 0xbc, 0x0f, 0x59, 0x1a,
  0x31, 0x21, 0xee, 0x23, 0x31, 0x21, 0xb7, 0x1b, 0xca, 0x11, 0xa3, 0x05,
  0x56, 0xf9, 0x86, 0xed, 0x49, 0xe4, 0x2d, 0xe0, 0xcf, 0xde, 0x8c, 0xe1,
  0x65, 0xe8, 0x01, 0xf3, 0x42, 0xfe, 0xbf, 0x09, 0xd7, 0x13, 0x58, 0x1a,
  0x74, 0x1e, 0x74, 0x1e, 0x58, 0x1a, 0x79, 0x12, 0xb8, 0x08, 0x58, 0xfe,
  0x60, 0xf4, 0x29, 0xec, 0x06, 0xe7, 0x48, 0xe4, 0xa7, 0xe5, 0xca, 0xea,
  0x51, 0xf2, 0xf6, 0xfa, 0x2e, 0x04, 0x50, 0x0c, 0x7a, 0x12, 0x3d, 0x16,
  0x9c, 0x17, 0x36, 0x15, 0xbc, 0x0f, 0x67, 0x09, 0xd4, 0x01, 0x5d, 0xfa,
  0xb0, 0xf3, 0x94, 0xef, 0x87, 0xed, 0x87, 0xed, 0x45, 0xf0, 0x5f, 0xf4,
  0x5d, 0xfa, 0x5a, 0x00, 0xfb, 0x05, 0x6e, 0x0a, 0xff, 0x0c, 0x5e, 0x0e,
  0xff, 0x0c, 0xf1, 0x0a, 0x01, 0x07, 0xa4, 0x02, 0x83, 0xfe, 0xb5, 0xfa,
  0x4f, 0xf8, 0xf1, 0xf6, 0xf1, 0xf6, 0xf7, 0xf7, 0x06, 0xfa, 0xad, 0xfc,
  0x2d, 0xff, 0x67, 0x01, 0x27, 0x03, 0x03, 0x04, 0x2e, 0x04, 0xab, 0x03,
  0xd0, 0x02, 0xa8, 0x01, 0xb1, 0x00, 0x0b, 0x00, 0xc9, 0xff, 0xfb, 0xff,
  0x7b, 0x00, 0x25, 0x01, 0xa8, 0x01, 0xea, 0x01, 0xa8, 0x01, 0xd3, 0x00,
  0x7a, 0xff, 0xbf, 0xfd, 0xfe, 0xfb, 0x5d, 0xfa, 0x56, 0xf9, 0x56, 0xf9,
  0x06, 0xfa, 0xfd, 0xfb, 0xc5, 0xfe, 0x15, 0x02, 0xa3, 0x05, 0xb8, 0x08,
  0xf1, 0x0a, 0xa0, 0x0b, 0xf2, 0x0a, 0xb8, 0x08, 0x4b, 0x05, 0x70, 0x00,
  0x4e, 0xfb, 0x41, 0xf6, 0x52, 0xf2, 0x95, 0xef, 0x95, 0xef, 0xf3, 0xf0,
  0x0f, 0xf5, 0xb5, 0xfa, 0x7d, 0x01, 0x60, 0x08, 0x5d, 0x0e, 0x28, 0x13,
  0x36, 0x15, 0x86, 0x14, 0x1a, 0x11, 0xa0, 0x0b, 0x02, 0x04, 0xa6, 0xfb,
  0xb0, 0xf3, 0xd7, 0xec, 0x64, 0xe8, 0x06, 0xe7, 0x65, 0xe8, 0x87, 0xed,
  0x0f, 0xf5, 0x42, 0xfe, 0x08, 0x08, 0x1b, 0x11, 0x9c, 0x17, 0xb7, 0x1b,
  0x16, 0x1d, 0xfa, 0x18, 0x79, 0x12, 0x67, 0x09, 0x99, 0xfe, 0xb1, 0xf3,
  0xc3, 0xe9, 0xeb, 0xe2, 0x2e, 0xe0, 0x2d, 0xe0, 0xa8, 0xe5, 0x36, 0xee,
  0xff, 0xf8, 0x4b, 0x05, 0x1a, 0x11, 0x58, 0x1a, 0x30, 0x21, 0x90, 0x22,
  0xd2, 0x1f, 0x58, 0x1a, 0xbc, 0x0f, 0x53, 0x03, 0x99, 0xf6, 0xca, 0xea,
  0x8b, 0xe1, 0x12, 0xdc, 0x13, 0xdc, 0x2d, 0xe0, 0x64, 0xe8, 0x00, 0xf3,
  0x86, 0x00, 0xae, 0x0d, 0xfa, 0x18, 0x32, 0x21, 0x4d, 0x25, 0x4d, 0x25,
  0xd2, 0x1f, 0x36, 0x15, 0x10, 0x09, 0x4e, 0xfb, 0x36, 0xee, 0xeb, 0xe2,
  0x12, 0xdc, 0x55, 0xd9, 0x12, 0xdc, 0xea, 0xe2, 0x36, 0xee, 0x23, 0xfb,
  0x0e, 0x09, 0x36, 0x15, 0xd3, 0x1f, 0x4c, 0x25, 0xab, 0x26, 0x8f, 0x22,
  0x58, 0x1a, 0x5d, 0x0e, 0x9c, 0x00, 0x01, 0xf3, 0x06, 0xe7, 0xce, 0xde,
  0xb3, 0xda, 0x12, 0xdc, 0x8c, 0xe1, 0xc3, 0xe9, 0x42, 0xf6, 0x53, 0x03,
  0xbb, 0x0f, 0x58, 0x1a, 0x31, 0x21, 0xee, 0x23, 0x31, 0x21, 0xb7, 0x1b,
  0x1a, 0x11, 0xa3, 0x05, 0xfe, 0xf8, 0x87, 0xed, 0x48, 0xe4, 0x2d, 0xe0,
  0xcf, 0xde, 0x8c, 0xe1, 0x65, 0xe8, 0x01, 0xf3, 0x6e, 0xfe, 0xbf, 0x09,
  0xd8, 0x13, 0x59, 0x1a, 0x74, 0x1e, 0x74, 0x1e, 0xfa, 0x18, 0x79, 0x12,
  0xb7, 0x08, 0x2c, 0xfe, 0x60, 0xf4, 0x28, 0xec, 0x06, 0xe7, 0x49, 0xe4,
  0xa8, 0xe5, 0xca, 0xea, 0x52, 0xf2, 0x22, 0xfb, 0x2f, 0x04, 0x50, 0x0c,
  0x79, 0x12, 0x3d, 0x16, 0x9b, 0x17, 0x87, 0x14, 0xbc, 0x0f, 0x67, 0x09,
  0xa8, 0x01, 0x5e, 0xfa, 0xb0, 0xf3, 0x95, 0xef, 0x87, 0xed, 0x87, 0xed,
  0x43, 0xf0, 0x0f, 0xf5, 0x5d, 0xfa, 0x70, 0x00, 0xfa, 0x05, 0x6e, 0x0a,
  0xff, 0x0c, 0x5e, 0x0e, 0xff, 0x0c, 0x6e, 0x0a, 0x02, 0x07, 0xa4, 0x02,
  0x6d, 0xfe, 0xb5, 0xfa, 0x4f, 0xf8, 0xf1, 0xf6, 0xf1, 0xf6, 0xf8, 0xf7,
  0x05, 0xfa, 0xad, 0xfc, 0x2d, 0xff, 0x67, 0x01, 0x28, 0x03, 0x03, 0x04,
  0x2e, 0x04, 0xab, 0x03, 0xa4, 0x02, 0xa8, 0x01, 0xb2, 0x00, 0x0b, 0x00,
  0xcf, 0xff, 0x00, 0x00, 0x86, 0x00, 0x25, 0x01, 0xa8, 0x01, 0xea, 0x01,
  0xa8, 0x01, 0xc8, 0x00, 0x6f, 0xff, 0xbe, 0xfd, 0xfe, 0xfb, 0x5d, 0xfa,
  0x57, 0xf9, 0x56, 0xf9, 0x05, 0xfa, 0xfe, 0xfb, 0xc5, 0xfe, 0x2c, 0x02,
  0xa3, 0x05, 0xb8, 0x08, 0xf1, 0x0a, 0xa1, 0x0b, 0xf2, 0x0a, 0xb7, 0x08,
  0x0a, 0x05, 0x52, 0x00, 0x22, 0xfb, 0x41, 0xf6, 0x52, 0xf2, 0x95, 0xef,
  0x94, 0xef, 0xf3, 0xf0, 0x0f, 0xf5, 0xf6, 0xfa, 0x92, 0x01, 0x60, 0x08,
  0x5d, 0x0e, 0x28, 0x13, 0x36, 0x15, 0x87, 0x14, 0x1a, 0x11, 0xa0, 0x0b,
  0xd6, 0x03, 0x7a, 0xfb, 0x01, 0xf3, 0xd8, 0xec, 0x64, 0xe8, 0x06, 0xe7,
  0x65, 0xe8, 0x87, 0xed, 0x0f, 0xf5, 0x6e, 0xfe, 0x60, 0x08, 0x1b, 0x11,
  0xfa, 0x18, 0x15, 0x1d, 0x15, 0x1d, 0xf9, 0x18, 0x79, 0x12, 0x67, 0x09,
  0x58, 0xfe, 0xb1, 0xf3, 0xc3, 0xe9, 0xeb, 0xe2, 0x2e, 0xe0, 0x2d, 0xe0,
  0xa7, 0xe5, 0x36, 0xee, 0x56, 0xf9, 0x4b, 0x05, 0x1a, 0x11, 0x59, 0x1a,
  0x31, 0x21, 0x90, 0x22, 0xd2, 0x1f, 0xfa, 0x18, 0xbc, 0x0f, 0x28, 0x03,
  0x42, 0xf6, 0xca, 0xea, 0x8c, 0xe1, 0x12, 0xdc, 0x11, 0xdc, 0x2e, 0xe0,
  0x65, 0xe8, 0xb1, 0xf3, 0xbd, 0x00, 0xae, 0x0d, 0xf9, 0x18, 0x31, 0x21,
  0x4c, 0x25, 0x4d, 0x25, 0x74, 0x1e, 0x36, 0x15, 0xb7, 0x08, 0xf6, 0xfa,
  0x88, 0xed, 0xeb, 0xe2, 0x12, 0xdc, 0x55, 0xd9, 0x12, 0xdc, 0xeb, 0xe2,
  0x36, 0xee, 0x4e, 0xfb, 0x0f, 0x09, 0x3d, 0x16, 0xd2, 0x1f, 0x4c, 0x25,
  0xac, 0x26, 0x90, 0x22, 0xfa, 0x18, 0xae, 0x0d, 0x65, 0x00, 0x01, 0xf3,
  0x06, 0xe7, 0xcf, 0xde, 0xb4, 0xda, 0x12, 0xdc, 0x8c, 0xe1, 0xc3, 0xe9,
  0x99, 0xf6, 0xab, 0x03, 0x6c, 0x10, 0x59, 0x1a, 0x31, 0x21, 0xee, 0x23,
  0x31, 0x21, 0xb7, 0x1b, 0x1a, 0x11, 0x4b, 0x05, 0xa6, 0xf8, 0x87, 0xed,
  0x49, 0xe4, 0xcf, 0xde, 0xcf, 0xde, 0x8c, 0xe1, 0xc3, 0xe9, 0x01, 0xf3,
  0x9a, 0xfe, 0x17, 0x0a, 0xd7, 0x13, 0x59, 0x1a, 0x74, 0x1e, 0x74, 0x1e,
  0xfa, 0x18, 0xca, 0x11, 0x60, 0x08, 0x15, 0xfe, 0x5f, 0xf4, 0x29, 0xec,
  0x06, 0xe7, 0x49, 0xe4, 0x05, 0xe7, 0x79, 0xeb, 0x52, 0xf2, 0x4e, 0xfb,
  0x5b, 0x04, 0x50, 0x0c, 0x29, 0x13, 0x3d, 0x16, 0x9c, 0x17, 0x87, 0x14,
  0xbc, 0x0f, 0x0f, 0x09, 0x93, 0x01, 0x05, 0xfa, 0xb0, 0xf3, 0x95, 0xef,
  0x88, 0xed, 0x87, 0xed, 0x44, 0xf0, 0x0f, 0xf5, 0x5d, 0xfa, 0x87, 0x00,
  0xfa, 0x05, 0x6e, 0x0a, 0xff, 0x0c, 0x5e, 0x0e, 0xff, 0x0c, 0x6e, 0x0a,
  0xaa, 0x06, 0xa4, 0x02, 0x58, 0xfe, 0xb5, 0xfa, 0x50, 0xf8, 0xf1, 0xf6,
  0xf1, 0xf6, 0x50, 0xf8, 0x5d, 0xfa, 0xac, 0xfc, 0x39, 0xff, 0x67, 0x01,
  0xfc, 0x02, 0x03, 0x04, 0x03, 0x04, 0x7f, 0x03, 0xa4, 0x02, 0x92, 0x01,
  0xb1, 0x00, 0x0b, 0x00, 0xda, 0xff, 0x10, 0x00, 0x91, 0x00, 0x3a, 0x01,
  0xbe, 0x01, 0xea, 0x01, 0xa8, 0x01, 0xc8, 0x00, 0x64, 0xff, 0xa8, 0xfd,
  0xd2, 0xfb, 0x5d, 0xfa, 0x56, 0xf9, 0x57, 0xf9, 0x05, 0xfa, 0xfe, 0xfb,
  0xdb, 0xfe, 0x42, 0x02, 0xa3, 0x05, 0xb7, 0x08, 0xf2, 0x0a, 0xa0, 0x0b,
  0xf1, 0x0a, 0xb7, 0x08, 0x09, 0x05, 0x37, 0x00, 0xf7, 0xfa, 0xea, 0xf5,
  0x51, 0xf2, 0x95, 0xef, 0x95, 0xef, 0xf3, 0xf0, 0x0f, 0xf5, 0xf6, 0xfa,
  0xbf, 0x01, 0xb8, 0x08, 0x5d, 0x0e, 0x28, 0x13, 0x36, 0x15, 0x87, 0x14,
  0x1a, 0x11, 0xa1, 0x0b, 0xab, 0x03, 0x4e, 0xfb, 0x01, 0xf3, 0x29, 0xec,
  0x65, 0xe8, 0x06, 0xe7, 0x64, 0xe8, 0x87, 0xed, 0x0f, 0xf5, 0x99, 0xfe,
  0x60, 0x08, 0xc9, 0x11, 0xfa, 0x18, 0x15, 0x1d, 0x15, 0x1d, 0xfa, 0x18,
  0x79, 0x12, 0x10, 0x09, 0x2c, 0xfe, 0x01, 0xf3, 0xc2, 0xe9, 0xea, 0xe2,
  0x2d, 0xe0, 0x2d, 0xe0, 0xa8, 0xe5, 0x37, 0xee, 0xae, 0xf9, 0xa3, 0x05,
  0x1b, 0x11, 0x59, 0x1a, 0x31, 0x21, 0x90, 0x22, 0xd3, 0x1f, 0xfa, 0x18,
  0x0c, 0x0f, 0xfc, 0x02, 0xea, 0xf5, 0xc3, 0xe9, 0x8c, 0xe1, 0x12, 0xdc,
  0x12, 0xdc, 0x2d, 0xe0, 0x64, 0xe8, 0xb0, 0xf3, 0x0f, 0x01, 0x5d, 0x0e,
  0x59, 0x1a, 0x8f, 0x22, 0x4d, 0x25, 0x4c, 0x25, 0x74, 0x1e, 0x36, 0x15,
  0x60, 0x08, 0xb4, 0xfa, 0x87, 0xed, 0xeb, 0xe2, 0x12, 0xdc, 0x55, 0xd9,
  0x12, 0xdc, 0xea, 0xe2, 0x36, 0xee, 0xa5, 0xfb, 0x68, 0x09, 0x3d, 0x16,
  0xd2, 0x1f, 0x4d, 0x25, 0x4c, 0x25, 0x30, 0x21, 0xfa, 0x18, 0xae, 0x0d,
  0x21, 0x00, 0x01, 0xf3, 0x06, 0xe7, 0xce, 0xde, 0xb4, 0xda, 0x12, 0xdc,
  0x8c, 0xe1, 0xca, 0xea, 0x99, 0xf6, 0xd7, 0x03, 0x6c, 0x10, 0x59, 0x1a,
  0x31, 0x21, 0xee, 0x23, 0x30, 0x21, 0x59, 0x1a, 0x1b, 0x11, 0x0a, 0x05,
  0xa6, 0xf8, 0x87, 0xed, 0x49, 0xe4, 0x2d, 0xe0, 0xcf, 0xde, 0x8d, 0xe1,
  0xc3, 0xe9, 0xb0, 0xf3, 0xdb, 0xfe, 0x16, 0x0a, 0xd8, 0x13, 0x59, 0x1a,
  0x74, 0x1e, 0x16, 0x1d, 0xfa, 0x18, 0xca, 0x11, 0x60, 0x08, 0xd4, 0xfd,
  0xb0, 0xf3, 0x29, 0xec, 0x06, 0xe7, 0x49, 0xe4, 0x06, 0xe7, 0x79, 0xeb,
  0x01, 0xf3, 0x7a, 0xfb, 0x86, 0x04, 0x00, 0x0d, 0x28, 0x13, 0x3d, 0x16,
  0x9c, 0x17, 0x87, 0x14, 0xbc, 0x0f, 0x0f, 0x09, 0x66, 0x01, 0x05, 0xfa,
  0xb1, 0xf3, 0x95, 0xef, 0x87, 0xed, 0x87, 0xed, 0x45, 0xf0, 0x0f, 0xf5,
  0xb5, 0xfa, 0xb3, 0x00, 0x53, 0x06, 0x6d, 0x0a, 0xff, 0x0c, 0x5e, 0x0e,
  0xff, 0x0c, 0x6e, 0x0a, 0xaa, 0x06, 0x78, 0x02, 0x42, 0xfe, 0xb5, 0xfa,
  0x4f, 0xf8, 0xf1, 0xf6, 0xf1, 0xf6, 0x4f, 0xf8, 0x5d, 0xfa, 0xd8, 0xfc,
  0x4e, 0xff, 0x7c, 0x01, 0x27, 0x03, 0x03, 0x04, 0x03, 0x04, 0x7f, 0x03,
  0xa4, 0x02, 0x92, 0x01, 0x9c, 0x00, 0x00, 0x00, 0xd5, 0xff, 0x10, 0x00,
  0x9c, 0x00, 0x3b, 0x01, 0xd4, 0x01, 0x00, 0x02, 0xa8, 0x01, 0xc8, 0x00,
  0x65, 0xff, 0xa9, 0xfd, 0xd2, 0xfb, 0x5d, 0xfa, 0x56, 0xf9, 0x56, 0xf9,
  0x05, 0xfa, 0xfe, 0xfb, 0xf1, 0xfe, 0x42, 0x02, 0xa2, 0x05, 0xb8, 0x08,
  0xf1, 0x0a, 0xa0, 0x0b, 0xf1, 0x0a, 0xb7, 0x08, 0x09, 0x05, 0x25, 0x00,
  0xf6, 0xfa, 0xea, 0xf5, 0xa2, 0xf1, 0x94, 0xef, 0x94, 0xef, 0xa2, 0xf1,
  0x0f, 0xf5, 0x22, 0xfb, 0xd4, 0x01, 0xb7, 0x08, 0x0d, 0x0f, 0x28, 0x13,
  0x36, 0x15, 0x87, 0x14, 0x1b, 0x11, 0xf1, 0x0a, 0x7f, 0x03, 0x23, 0xfb,
  0x02, 0xf3, 0x28, 0xec, 0x64, 0xe8, 0x06, 0xe7, 0x65, 0xe8, 0x87, 0xed,
  0x0f, 0xf5, 0xc6, 0xfe, 0xb8, 0x08, 0xca, 0x11, 0xfa, 0x18, 0x15, 0x1d,
  0x15, 0x1d, 0xfa, 0x18, 0x79, 0x12, 0x0f, 0x09, 0x00, 0xfe, 0x01, 0xf3,
  0xc3, 0xe9, 0xea, 0xe2, 0x2d, 0xe0, 0x2e, 0xe0, 0xa8, 0xe5, 0xe5, 0xee,
  0xae, 0xf9, 0xfa, 0x05, 0x1a, 0x11, 0x59, 0x1a, 0x31, 0x21, 0x90, 0x22,
  0xd3, 0x1f, 0xfa, 0x18, 0x0d, 0x0f, 0xa4, 0x02, 0xea, 0xf5, 0xc3, 0xe9,
  0x8c, 0xe1, 0x12, 0xdc, 0x12, 0xdc, 0x2d, 0xe0, 0x64, 0xe8, 0xb1, 0xf3,
  0x3b, 0x01, 0x5d, 0x0e, 0x59, 0x1a, 0x90, 0x22, 0x4d, 0x25, 0x4d, 0x25,
  0x74, 0x1e, 0x36, 0x15, 0x60, 0x08, 0x5d, 0xfa, 0x87, 0xed, 0xeb, 0xe2,
  0x12, 0xdc, 0x55, 0xd9, 0x12, 0xdc, 0xeb, 0xe2, 0x36, 0xee, 0xd1, 0xfb,
  0xbe, 0x09, 0x3d, 0x16, 0xd2, 0x1f, 0x4d, 0x25, 0xab, 0x26, 0x31, 0x21,
  0xfa, 0x18, 0xae, 0x0d, 0xeb, 0xff, 0x52, 0xf2, 0x06, 0xe7, 0xcf, 0xde,
  0xb3, 0xda, 0x11, 0xdc, 0x8c, 0xe1, 0xca, 0xea, 0xf1, 0xf6, 0x03, 0x04,
  0x6b, 0x10, 0x59, 0x1a, 0x32, 0x21, 0xee, 0x23, 0x31, 0x21, 0x58, 0x1a,
  0x1b, 0x11, 0xdd, 0x04, 0x4f, 0xf8, 0xd8, 0xec, 0x49, 0xe4, 0xcf, 0xde,
  0xcf, 0xde, 0xeb, 0xe2, 0xc3, 0xe9, 0xb0, 0xf3, 0x02, 0xff, 0x6e, 0x0a,
  0xd8, 0x13, 0xb7, 0x1b, 0x74, 0x1e, 0x16, 0x1d, 0xfa, 0x18, 0xca, 0x11,
  0x08, 0x08, 0xa9, 0xfd, 0xb1, 0xf3, 0x28, 0xec, 0x06, 0xe7, 0x49, 0xe4,
  0x06, 0xe7, 0x79, 0xeb, 0x01, 0xf3, 0xa6, 0xfb, 0xb2, 0x04, 0xff, 0x0c,
  0x29, 0x13, 0x3d, 0x16, 0x9b, 0x17, 0x86, 0x14, 0xbc, 0x0f, 0xb7, 0x08,
  0x51, 0x01, 0x05, 0xfa, 0xb0, 0xf3, 0x94, 0xef, 0x87, 0xed, 0x87, 0xed,
  0x44, 0xf0, 0x0f, 0xf5, 0xb4, 0xfa, 0xbc, 0x00, 0x52, 0x06, 0x6e, 0x0a,
  0xff, 0x0c, 0xaf, 0x0d, 0xff, 0x0c, 0x6e, 0x0a, 0xaa, 0x06, 0x58, 0x02,
  0x41, 0xfe, 0xb5, 0xfa, 0x4f, 0xf8, 0xf1, 0xf6, 0x49, 0xf7, 0x4f, 0xf8,
  0x5d, 0xfa, 0xd8, 0xfc, 0x59, 0xff, 0x7c, 0x01, 0xfb, 0x02, 0xd6, 0x03,
  0xd7, 0x03, 0x54, 0x03, 0x79, 0x02, 0x7d, 0x01, 0x91, 0x00, 0x05, 0x00,
  0xdf, 0xff, 0x25, 0x00, 0xb1, 0x00, 0x67, 0x01, 0xea, 0x01, 0x16, 0x02,
  0xbe, 0x01, 0xc8, 0x00, 0x59, 0xff, 0x88, 0xfd, 0xa5, 0xfb, 0x05, 0xfa,
  0xfe, 0xf8, 0xfe, 0xf8, 0x05, 0xfa, 0xfd, 0xfb, 0xf1, 0xfe, 0x57, 0x02,
  0xfa, 0x05, 0x0f, 0x09, 0xf1, 0x0a, 0x50, 0x0c, 0xf1, 0x0a, 0xb8, 0x08,
  0xde, 0x04, 0x10, 0x00, 0xb5, 0xfa, 0xea, 0xf5, 0xa2, 0xf1, 0x95, 0xef,
  0x95, 0xef, 0xf3, 0xf0, 0x0e, 0xf5, 0x22, 0xfb, 0xe9, 0x01, 0xb8, 0x08,
  0x0c, 0x0f, 0x28, 0x13, 0x36, 0x15, 0x87, 0x14, 0x1a, 0x11, 0xf1, 0x0a,
  0x7f, 0x03, 0xf7, 0xfa, 0x02, 0xf3, 0x28, 0xec, 0x64, 0xe8, 0x06, 0xe7,
  0x65, 0xe8, 0x86, 0xed, 0x92, 0xf5, 0xf1, 0xfe, 0xb7, 0x08, 0xca, 0x11,
  0xfa, 0x18, 0x16, 0x1d, 0x16, 0x1d, 0xfa, 0x18, 0x79, 0x12, 0xb7, 0x08,
  0xd5, 0xfd, 0x02, 0xf3, 0xc3, 0xe9, 0xea, 0xe2, 0x2d, 0xe0, 0x2d, 0xe0,
  0xa8, 0xe5, 0xe6, 0xee, 0x05, 0xfa, 0xfa, 0x05, 0xc9, 0x11, 0xb7, 0x1b,
  0x31, 0x21, 0x90, 0x22, 0xd3, 0x1f, 0xfa, 0x18, 0x0c, 0x0f, 0x79, 0x02,
  0x92, 0xf5, 0xc3, 0xe9, 0x8c, 0xe1, 0x12, 0xdc, 0x12, 0xdc, 0x2d, 0xe0,
  0x64, 0xe8, 0x5f, 0xf4, 0x7c, 0x01, 0x5d, 0x0e, 0x58, 0x1a, 0x90, 0x22,
  0x4d, 0x25, 0x4d, 0x25, 0x74, 0x1e, 0x87, 0x14, 0x07, 0x08, 0x5d, 0xfa,
  0x87, 0xed, 0xea, 0xe2, 0x12, 0xdc, 0x55, 0xd9, 0x12, 0xdc, 0x49, 0xe4,
  0xe6, 0xee, 0xfd, 0xfb, 0xbf, 0x09, 0x3d, 0x16, 0xd2, 0x1f, 0x4c, 0x25,
  0x4d, 0x25, 0x32, 0x21, 0xfa, 0x18, 0xff, 0x0c, 0xb4, 0xff, 0x52, 0xf2,
  0x06, 0xe7, 0xcf, 0xde, 0xb3, 0xda, 0x12, 0xdc, 0x8c, 0xe1, 0xca, 0xea,
  0xf1, 0xf6, 0x5b, 0x04, 0x1a, 0x11, 0x59, 0x1a, 0x31, 0x21, 0xee, 0x23,
  0x31, 0x21, 0x59, 0x1a, 0x6b, 0x10, 0xb2, 0x04, 0x4f, 0xf8, 0xd8, 0xec,
  0x49, 0xe4, 0xcf, 0xde, 0xcf, 0xde, 0xea, 0xe2, 0xc3, 0xe9, 0xb1, 0xf3,
  0x38, 0xff, 0x6e, 0x0a, 0x87, 0x14, 0xb7, 0x1b, 0x74, 0x1e, 0x15, 0x1d,
  0xfa, 0x18, 0xca, 0x11, 0x08, 0x08, 0x88, 0xfd, 0xb1, 0xf3, 0x7a, 0xeb,
  0x06, 0xe7, 0x49, 0xe4, 0x06, 0xe7, 0x79, 0xeb, 0x01, 0xf3, 0xd2, 0xfb,
  0xde, 0x04, 0xff, 0x0c, 0x28, 0x13, 0x3d, 0x16, 0x9b, 0x17, 0x86, 0x14,
  0xbc, 0x0f, 0xb7, 0x08, 0x25, 0x01, 0xae, 0xf9, 0xb1, 0xf3, 0x95, 0xef,
  0x87, 0xed, 0x35, 0xee, 0xf3, 0xf0, 0x0f, 0xf5, 0xf7, 0xfa, 0xd2, 0x00,
  0x53, 0x06, 0x6d, 0x0a, 0xff, 0x0c, 0xae, 0x0d, 0xff, 0x0c, 0x16, 0x0a,
  0xaa, 0x06, 0x41, 0x02, 0x2c, 0xfe, 0xb5, 0xfa, 0x4f, 0xf8, 0xf1, 0xf6,
  0x48, 0xf7, 0x4f, 0xf8, 0x5d, 0xfa, 0xd8, 0xfc, 0x64, 0xff, 0x7c, 0x01,
  0xfc, 0x02, 0xd6, 0x03, 0xd7, 0x03, 0x54, 0x03, 0x78, 0x02, 0x7c, 0x01,
  0x91, 0x00, 0x05, 0x00, 0xe4, 0xff, 0x32, 0x00, 0xbc, 0x00, 0x67, 0x01,
  0xea, 0x01, 0x16, 0x02, 0xbe, 0x01, 0xc8, 0x00, 0x4e, 0xff, 0x88, 0xfd,
  0xa5, 0xfb, 0x05, 0xfa, 0xff, 0xf8, 0xff, 0xf8, 0x05, 0xfa, 0x29, 0xfc,
  0x02, 0xff, 0x79, 0x02, 0xfb, 0x05, 0x0f, 0x09, 0xf1, 0x0a, 0x50, 0x0c,
  0xf1, 0x0a, 0xb8, 0x08, 0xde, 0x04, 0xfb, 0xff, 0xb5, 0xfa, 0x92, 0xf5,
  0xa3, 0xf1, 0x95, 0xef, 0x95, 0xef, 0xa3, 0xf1, 0x92, 0xf5, 0x4e, 0xfb,
  0x15, 0x02, 0x0e, 0x09, 0x0d, 0x0f, 0x28, 0x13, 0x36, 0x15, 0x87, 0x14,
  0x1b, 0x11, 0xf1, 0x0a, 0x53, 0x03, 0xb5, 0xfa, 0x01, 0xf3, 0x29, 0xec,
  0x06, 0xe7, 0x06, 0xe7, 0x65, 0xe8, 0x87, 0xed, 0x93, 0xf5, 0x0d, 0xff,
  0x0f, 0x09, 0xc9, 0x11, 0xfa, 0x18, 0x16, 0x1d, 0x16, 0x1d, 0xfa, 0x18,
  0x79, 0x12, 0xb8, 0x08, 0x88, 0xfd, 0x01, 0xf3, 0xc3, 0xe9, 0xea, 0xe2,
  0x2d, 0xe0, 0x8d, 0xe1, 0xa7, 0xe5, 0xe6, 0xee, 0x05, 0xfa, 0x52, 0x06,
  0xca, 0x11, 0xb7, 0x1b, 0x32, 0x21, 0x90, 0x22, 0xd2, 0x1f, 0xfa, 0x18,
  0x0d, 0x0f, 0x41, 0x02, 0x92, 0xf5, 0xc3, 0xe9, 0x2e, 0xe0, 0x12, 0xdc,
  0x12, 0xdc, 0x2e, 0xe0, 0x65, 0xe8, 0x5f, 0xf4, 0xa8, 0x01, 0x0d, 0x0f,
  0x58, 0x1a, 0x8f, 0x22, 0x4d, 0x25, 0x4d, 0x25, 0x74, 0x1e, 0x87, 0x14,
  0xb1, 0x07, 0x05, 0xfa, 0xd8, 0xec, 0xeb, 0xe2, 0x12, 0xdc, 0x55, 0xd9,
  0x12, 0xdc, 0x48, 0xe4, 0xe6, 0xee, 0x55, 0xfc, 0x16, 0x0a, 0x3d, 0x16,
  0xd2, 0x1f, 0x4d, 0x25, 0x4d, 0x25, 0x31, 0x21, 0xfa, 0x18, 0xff, 0x0c,
  0x6f, 0xff, 0x52, 0xf2, 0x06, 0xe7, 0xcf, 0xde, 0xb3, 0xda, 0x12, 0xdc,
  0x8c, 0xe1, 0x79, 0xeb, 0x49, 0xf7, 0x85, 0x04, 0x1a, 0x11, 0xb6, 0x1b,
  0x31, 0x21, 0xee, 0x23, 0x31, 0x21, 0x58, 0x1a, 0x6b, 0x10, 0x5b, 0x04,
  0xf8, 0xf7, 0xd8, 0xec, 0x49, 0xe4, 0xd0, 0xde, 0xcf, 0xde, 0xea, 0xe2,
  0xc3, 0xe9, 0xb0, 0xf3, 0x70, 0xff, 0xf1, 0x0a, 0x87, 0x14, 0xb7, 0x1b,
  0x74, 0x1e, 0x15, 0x1d, 0xf9, 0x18, 0x1a, 0x11, 0xb1, 0x07, 0x5c, 0xfd,
  0xb1, 0xf3, 0x79, 0xeb, 0x06, 0xe7, 0x49, 0xe4, 0x06, 0xe7, 0x79, 0xeb,
  0x01, 0xf3, 0xfd, 0xfb, 0x0a, 0x05, 0xfe, 0x0c, 0x28, 0x13, 0x3d, 0x16,
  0x3d, 0x16, 0x87, 0x14, 0x0d, 0x0f, 0xb7, 0x08, 0x0f, 0x01, 0xaf, 0xf9,
  0xb1, 0xf3, 0x94, 0xef, 0x88, 0xed, 0x36, 0xee, 0xf4, 0xf0, 0x0f, 0xf5,
  0xf7, 0xfa, 0xf3, 0x00, 0x52, 0x06, 0xf1, 0x0a, 0xff, 0x0c, 0xaf, 0x0d,
  0xfe, 0x0c, 0x16, 0x0a, 0x52, 0x06, 0x2c, 0x02, 0x16, 0xfe, 0xb5, 0xfa,
  0x4f, 0xf8, 0xf1, 0xf6, 0x49, 0xf7, 0x50, 0xf8, 0x5d, 0xfa, 0x04, 0xfd,
  0x6e, 0xff, 0x92, 0x01, 0xfc, 0x02, 0xd8, 0x03, 0xd7, 0x03, 0x54, 0x03,
  0x79, 0x02, 0x66, 0x01, 0x86, 0x00, 0x00, 0x00, 0xe4, 0xff, 0x31, 0x00,
  0xc7, 0x00, 0x7c, 0x01, 0x00, 0x02, 0x16, 0x02, 0xbe, 0x01, 0xc8, 0x00,
  0x4e, 0xff, 0x87, 0xfd, 0xa6, 0xfb, 0x05, 0xfa, 0xff, 0xf8, 0xfe, 0xf8,
  0x05, 0xfa, 0x29, 0xfc, 0x02, 0xff, 0x79, 0x02, 0xfb, 0x05, 0x10, 0x09,
  0xf1, 0x0a, 0x50, 0x0c, 0xf1, 0x0a, 0xb7, 0x08, 0xdd, 0x04, 0xf0, 0xff,
  0xb4, 0xfa, 0x92, 0xf5, 0xa2, 0xf1, 0x95, 0xef, 0x95, 0xef, 0xa3, 0xf1,
  0x92, 0xf5, 0x4e, 0xfb, 0x2c, 0x02, 0x0f, 0x09, 0x0d, 0x0f, 0x28, 0x13,
  0x36, 0x15, 0x87, 0x14, 0x1b, 0x11, 0xf1, 0x0a, 0x28, 0x03, 0xb5, 0xfa,
  0x52, 0xf2, 0x29, 0xec, 0x06, 0xe7, 0x06, 0xe7, 0x64, 0xe8, 0x87, 0xed,
  0x92, 0xf5, 0x2d, 0xff, 0x0f, 0x09, 0xca, 0x11, 0xfa, 0x18, 0x15, 0x1d,
  0x16, 0x1d, 0xfa, 0x18, 0xc9, 0x11, 0x60, 0x08, 0x88, 0xfd, 0x52, 0xf2,
  0xc3, 0xe9, 0xea, 0xe2, 0x2e, 0xe0, 0x8c, 0xe1, 0xa7, 0xe5, 0xe6, 0xee,
  0x5d, 0xfa, 0x52, 0x06, 0xca, 0x11, 0xb7, 0x1b, 0x31, 0x21, 0x90, 0x22,
  0xd3, 0x1f, 0xfa, 0x18, 0x5d, 0x0e, 0x2c, 0x02, 0x0f, 0xf5, 0xc3, 0xe9,
  0x2d, 0xe0, 0x12, 0xdc, 0x12, 0xdc, 0x2e, 0xe0, 0x65, 0xe8, 0x60, 0xf4,
  0xd4, 0x01, 0x0d, 0x0f, 0x59, 0x1a, 0x90, 0x22, 0x4d, 0x25, 0xee, 0x23,
  0x74, 0x1e, 0x87, 0x14, 0xb0, 0x07, 0x05, 0xfa, 0xd9, 0xec, 0xea, 0xe2,
  0x13, 0xdc, 0x55, 0xd9, 0x12, 0xdc, 0x49, 0xe4, 0xe6, 0xee, 0x81, 0xfc,
  0x16, 0x0a, 0x3d, 0x16, 0xd3, 0x1f, 0x4d, 0x25, 0x4d, 0x25, 0x31, 0x21,
  0xf9, 0x18, 0xfe, 0x0c, 0x44, 0xff, 0xa2, 0xf1, 0x06, 0xe7, 0xcf, 0xde,
  0xb3, 0xda, 0x12, 0xdc, 0x8c, 0xe1, 0x79, 0xeb, 0xa0, 0xf7, 0xb2, 0x04,
  0x1a, 0x11, 0xb7, 0x1b, 0x31, 0x21, 0xee, 0x23, 0x31, 0x21, 0x59, 0x1a,
  0x6b, 0x10, 0x2f, 0x04, 0xf8, 0xf7, 0xd8, 0xec, 0x49, 0xe4, 0xcf, 0xde,
  0xcf, 0xde, 0xeb, 0xe2, 0xc3, 0xe9, 0x60, 0xf4, 0x9b, 0xff, 0xf1, 0x0a,
  0x87, 0x14, 0xb8, 0x1b, 0x74, 0x1e, 0x15, 0x1d, 0xf9, 0x18, 0x1b, 0x11,
  0xb1, 0x07, 0x30, 0xfd, 0xb0, 0xf3, 0x79, 0xeb, 0x06, 0xe7, 0x49, 0xe4,
  0x06, 0xe7, 0x29, 0xec, 0x02, 0xf3, 0x2a, 0xfc, 0x09, 0x05, 0xff, 0x0c,
  0x28, 0x13, 0x3d, 0x16, 0x3d, 0x16, 0x87, 0x14, 0x0d, 0x0f, 0x60, 0x08,
  0xde, 0x00, 0xae, 0xf9, 0xb0, 0xf3, 0x95, 0xef, 0x88, 0xed, 0x37, 0xee,
  0xf3, 0xf0, 0x92, 0xf5, 0x22, 0xfb, 0x0f, 0x01, 0x52, 0x06, 0xf1, 0x0a,
  0xff, 0x0c, 0xae, 0x0d, 0xff, 0x0c, 0x16, 0x0a, 0x52, 0x06, 0x15, 0x02,
  0x00, 0xfe, 0xb5, 0xfa, 0x4f, 0xf8, 0xf1, 0xf6, 0x48, 0xf7, 0xa7, 0xf8,
  0xb5, 0xfa, 0x04, 0xfd, 0x85, 0xff, 0x92, 0x01, 0x28, 0x03, 0xd7, 0x03,
  0xd7, 0x03, 0x53, 0x03, 0x57, 0x02, 0x50, 0x01, 0x7b, 0x00, 0xf6, 0xff,
  0xdf, 0xff, 0x31, 0x00, 0xc8, 0x00, 0x7d, 0x01, 0x00, 0x02, 0x2b, 0x02,
  0xbe, 0x01, 0xc7, 0x00, 0x4e, 0xff, 0x88, 0xfd, 0xa6, 0xfb, 0x05, 0xfa,
  0xff, 0xf8, 0xff, 0xf8, 0x06, 0xfa, 0x29, 0xfc, 0x0d, 0xff, 0x78, 0x02,
  0xfa, 0x05, 0x10, 0x09, 0xf1, 0x0a, 0x4f, 0x0c, 0xf1, 0x0a, 0xb7, 0x08,
  0xde, 0x04, 0xdf, 0xff, 0xb5, 0xfa, 0x92, 0xf5, 0xa2, 0xf1, 0x95, 0xef,
  0x95, 0xef, 0xa3, 0xf1, 0x93, 0xf5, 0x7a, 0xfb, 0x42, 0x02, 0x0f, 0x09,
  0x0c, 0x0f, 0x28, 0x13, 0x36, 0x15, 0x87, 0x14, 0x1b, 0x11, 0xf1, 0x0a,
  0x28, 0x03, 0xb5, 0xfa, 0x52, 0xf2, 0x28, 0xec, 0x06, 0xe7, 0x06, 0xe7,
  0x64, 0xe8, 0x36, 0xee, 0xea, 0xf5, 0x59, 0xff, 0x0f, 0x09, 0x79, 0x12,
  0xfa, 0x18, 0x16, 0x1d, 0x15, 0x1d, 0xfa, 0x18, 0xca, 0x11, 0x60, 0x08,
  0x5c, 0xfd, 0x51, 0xf2, 0x64, 0xe8, 0xea, 0xe2, 0x2e, 0xe0, 0x8c, 0xe1,
  0x06, 0xe7, 0x95, 0xef, 0x5d, 0xfa, 0xaa, 0x06, 0xca, 0x11, 0xb7, 0x1b,
  0x30, 0x21, 0x8f, 0x22, 0xd3, 0x1f, 0xfa, 0x18, 0x5e, 0x0e, 0xea, 0x01,
  0x0f, 0xf5, 0xc3, 0xe9, 0x2d, 0xe0, 0x12, 0xdc, 0x12, 0xdc, 0x2d, 0xe0,
  0x65, 0xe8, 0x0f, 0xf5, 0x16, 0x02, 0x0d, 0x0f, 0x59, 0x1a, 0x90, 0x22,
  0x4d, 0x25, 0xee, 0x23, 0x74, 0x1e, 0x87, 0x14, 0x59, 0x07, 0xad, 0xf9,
  0xd8, 0xec, 0x8c, 0xe1, 0x12, 0xdc, 0x55, 0xd9, 0x12, 0xdc, 0x49, 0xe4,
  0x94, 0xef, 0xac, 0xfc, 0x6e, 0x0a, 0x3d, 0x16, 0xd3, 0x1f, 0x4d, 0x25,
  0x4c, 0x25, 0x31, 0x21, 0xfa, 0x18, 0x50, 0x0c, 0x0c, 0xff, 0xa3, 0xf1,
  0x06, 0xe7, 0xcf, 0xde, 0xb4, 0xda, 0x12, 0xdc, 0x8d, 0xe1, 0x79, 0xeb,
  0xa0, 0xf7, 0xde, 0x04, 0x1a, 0x11, 0xb7, 0x1b, 0x31, 0x21, 0xee, 0x23,
  0x31, 0x21, 0x59, 0x1a, 0xbc, 0x0f, 0x02, 0x04, 0xa0, 0xf7, 0xd7, 0xec,
  0x49, 0xe4, 0xcf, 0xde, 0xcf, 0xde, 0xea, 0xe2, 0xc3, 0xe9, 0x60, 0xf4,
  0xc9, 0xff, 0xf1, 0x0a, 0x87, 0x14, 0xb7, 0x1b, 0x74, 0x1e, 0x15, 0x1d,
  0xfa, 0x18, 0x1b, 0x11, 0x59, 0x07, 0x04, 0xfd, 0x02, 0xf3, 0x79, 0xeb,
  0x06, 0xe7, 0xa8, 0xe5, 0x06, 0xe7, 0x28, 0xec, 0xb0, 0xf3, 0x55, 0xfc,
  0x4b, 0x05, 0xff, 0x0c, 0x29, 0x13, 0x3d, 0x16, 0x3d, 0x16, 0xd8, 0x13,
  0x0d, 0x0f, 0x60, 0x08, 0xc7, 0x00, 0x56, 0xf9, 0xb1, 0xf3, 0xe5, 0xee,
  0x87, 0xed, 0x36, 0xee, 0xf3, 0xf0, 0x92, 0xf5, 0x4e, 0xfb, 0x25, 0x01,
  0xa9, 0x06, 0xf1, 0x0a, 0xff, 0x0c, 0xae, 0x0d, 0xff, 0x0c, 0x16, 0x0a,
  0x53, 0x06, 0x16, 0x02, 0x00, 0xfe, 0xb5, 0xfa, 0x4f, 0xf8, 0x48, 0xf7,
  0x49, 0xf7, 0xa7, 0xf8, 0xb5, 0xfa, 0x31, 0xfd, 0x90, 0xff, 0xa9, 0x01,
  0x27, 0x03, 0xd7, 0x03, 0xd7, 0x03, 0x53, 0x03, 0x57, 0x02, 0x51, 0x01,
  0x7b, 0x00, 0xf5, 0xff, 0xe0, 0xff, 0x31, 0x00, 0xd3, 0x00, 0x7d, 0x01,
  0x00, 0x02, 0x2c, 0x02, 0xbe, 0x01, 0xc7, 0x00, 0x4e, 0xff, 0x88, 0xfd,
  0xa6, 0xfb, 0x05, 0xfa, 0x00, 0xf9, 0xff, 0xf8, 0x05, 0xfa, 0x29, 0xfc,
  0x18, 0xff, 0x79, 0x02, 0xfb, 0x05, 0x0f, 0x09, 0xa1, 0x0b, 0x50, 0x0c,
  0xf1, 0x0a, 0xb7, 0x08, 0xb2, 0x04, 0xce, 0xff, 0x5d, 0xfa, 0x92, 0xf5,
  0xa2, 0xf1, 0x95, 0xef, 0x95, 0xef, 0xa2, 0xf1, 0x93, 0xf5, 0x7a, 0xfb,
  0x58, 0x02, 0x0f, 0x09, 0x0d, 0x0f, 0xd7, 0x13, 0x36, 0x15, 0x86, 0x14,
  0x1a, 0x11, 0xf2, 0x0a, 0xfc, 0x02, 0x5d, 0xfa, 0x52, 0xf2, 0x79, 0xeb,
  0x06, 0xe7, 0x06, 0xe7, 0x64, 0xe8, 0x36, 0xee, 0xea, 0xf5, 0x7a, 0xff,
  0x67, 0x09, 0x79, 0x12, 0xfa, 0x18, 0x16, 0x1d, 0x15, 0x1d, 0xf9, 0x18,
  0xc9, 0x11, 0x08, 0x08, 0x30, 0xfd, 0x52, 0xf2, 0x64, 0xe8, 0xea, 0xe2,
  0x2d, 0xe0, 0x8c, 0xe1, 0x06, 0xe7, 0x95, 0xef, 0xb5, 0xfa, 0xaa, 0x06,
  0x79, 0x12, 0xb7, 0x1b, 0x31, 0x21, 0x90, 0x22, 0xd3, 0x1f, 0xfa, 0x18,
  0x5d, 0x0e, 0xbe, 0x01, 0x0f, 0xf5, 0xc3, 0xe9, 0x2d, 0xe0, 0x12, 0xdc,
  0x12, 0xdc, 0x2e, 0xe0, 0xc3, 0xe9, 0x0f, 0xf5, 0x42, 0x02, 0xbc, 0x0f,
  0x58, 0x1a, 0x90, 0x22, 0x4d, 0x25, 0xee, 0x23, 0x74, 0x1e, 0xd7, 0x13,
  0x59, 0x07, 0x55, 0xf9, 0x29, 0xec, 0x8c, 0xe1, 0x12, 0xdc, 0x55, 0xd9,
  0x12, 0xdc, 0x49, 0xe4, 0x95, 0xef, 0xd9, 0xfc, 0xf0, 0x0a, 0x9c, 0x17,
  0xd2, 0x1f, 0x4d, 0x25, 0x4c, 0x25, 0x31, 0x21, 0x9c, 0x17, 0x4f, 0x0c,
  0xdb, 0xfe, 0xa3, 0xf1, 0xa7, 0xe5, 0xcf, 0xde, 0xb3, 0xda, 0x11, 0xdc,
  0x8c, 0xe1, 0x79, 0xeb, 0xf8, 0xf7, 0x0a, 0x05, 0x1a, 0x11, 0xb7, 0x1b,
  0x31, 0x21, 0xee, 0x23, 0x32, 0x21, 0x58, 0x1a, 0xbc, 0x0f, 0xd7, 0x03,
  0x49, 0xf7, 0x28, 0xec, 0x49, 0xe4, 0xcf, 0xde, 0xcf, 0xde, 0xeb, 0xe2,
  0xc3, 0xe9, 0x5f, 0xf4, 0xfb, 0xff, 0xf2, 0x0a, 0x87, 0x14, 0xb7, 0x1b,
  0x75, 0x1e, 0x16, 0x1d, 0xfa, 0x18, 0x1a, 0x11, 0x59, 0x07, 0xd9, 0xfc,
  0x01, 0xf3, 0x7a, 0xeb, 0x06, 0xe7, 0xa7, 0xe5, 0x06, 0xe7, 0x28, 0xec,
  0xb1, 0xf3, 0x81, 0xfc, 0x4b, 0x05, 0xff, 0x0c, 0x28, 0x13, 0x3d, 0x16,
  0x3d, 0x16, 0xd7, 0x13, 0x0d, 0x0f, 0x08, 0x08, 0xa7, 0x00, 0x56, 0xf9,
  0xb1, 0xf3, 0x95, 0xef, 0x87, 0xed, 0x36, 0xee, 0xf3, 0xf0, 0x93, 0xf5,
  0x4e, 0xfb, 0x3a, 0x01, 0xaa, 0x06, 0xf2, 0x0a, 0xff, 0x0c, 0xae, 0x0d,
  0x50, 0x0c, 0xbe, 0x09, 0xfb, 0x05, 0x00, 0x02, 0xea, 0xfd, 0xb5, 0xfa,
  0x50, 0xf8, 0x49, 0xf7, 0x48, 0xf7, 0xa7, 0xf8, 0xb5, 0xfa, 0x30, 0xfd,
  0x90, 0xff, 0xa8, 0x01, 0xfb, 0x02, 0xd7, 0x03, 0xaa, 0x03, 0x28, 0x03,
  0x41, 0x02, 0x51, 0x01, 0x70, 0x00, 0xfb, 0xff, 0xea, 0xff, 0x47, 0x00,
  0xdd, 0x00, 0x93, 0x01, 0x16, 0x02, 0x2c, 0x02, 0xbe, 0x01, 0xbd, 0x00,
  0x38, 0xff, 0x5c, 0xfd, 0x7a, 0xfb, 0x05, 0xfa, 0xff, 0xf8, 0xff, 0xf8,
  0x05, 0xfa, 0x29, 0xfc, 0x22, 0xff, 0xa4, 0x02, 0x52, 0x06, 0x67, 0x09,
  0xa0, 0x0b, 0x4f, 0x0c, 0xf1, 0x0a, 0xb8, 0x08, 0xb2, 0x04, 0xaf, 0xff,
  0x5d, 0xfa, 0x92, 0xf5, 0xa3, 0xf1, 0x95, 0xef, 0x95, 0xef, 0xa3, 0xf1,
  0x92, 0xf5, 0xa6, 0xfb, 0x78, 0x02, 0x66, 0x09, 0x0d, 0x0f, 0xd8, 0x13,
  0x36, 0x15, 0x87, 0x14, 0x1a, 0x11, 0xf1, 0x0a, 0xcf, 0x02, 0x5d, 0xfa,
  0x52, 0xf2, 0x79, 0xeb, 0x06, 0xe7, 0x06, 0xe7, 0x64, 0xe8, 0x36, 0xee,
  0x42, 0xf6, 0xa5, 0xff, 0x68, 0x09, 0x79, 0x12, 0xfa, 0x18, 0x15, 0x1d,
  0x16, 0x1d, 0xfa, 0x18, 0xca, 0x11, 0x08, 0x08, 0x04, 0xfd, 0x52, 0xf2,
  0x65, 0xe8, 0xea, 0xe2, 0x2d, 0xe0, 0x8c, 0xe1, 0x06, 0xe7, 0x95, 0xef,
  0xb4, 0xfa, 0x01, 0x07, 0x79, 0x12, 0xb7, 0x1b, 0x31, 0x21, 0x90, 0x22,
  0xd2, 0x1f, 0xfa, 0x18, 0x5e, 0x0e, 0x92, 0x01, 0x5f, 0xf4, 0xc3, 0xe9,
  0x2d, 0xe0, 0x12, 0xdc, 0x12, 0xdc, 0x2d, 0xe0, 0xc3, 0xe9, 0x0f, 0xf5,
  0x78, 0x02, 0xbb, 0x0f, 0x59, 0x1a, 0x90, 0x22, 0x4d, 0x25, 0xee, 0x23,
  0x74, 0x1e, 0xd8, 0x13, 0x02, 0x07, 0x56, 0xf9, 0x28, 0xec, 0x8c, 0xe1,
  0xb3, 0xda, 0x54, 0xd9, 0x12, 0xdc, 0x49, 0xe4, 0x95, 0xef, 0x30, 0xfd,
  0xf1, 0x0a, 0x9b, 0x17, 0xd3, 0x1f, 0x4c, 0x25, 0x4c, 0x25, 0x31, 0x21,
  0x9b, 0x17, 0x4f, 0x0c, 0x99, 0xfe, 0xa2, 0xf1, 0xa7, 0xe5, 0xce, 0xde,
  0xb4, 0xda, 0x12, 0xdc, 0x8c, 0xe1, 0x28, 0xec, 0xf8, 0xf7, 0x4b, 0x05,
  0xc9, 0x11, 0xb7, 0x1b, 0x31, 0x21, 0xee, 0x23, 0x31, 0x21, 0x59, 0x1a,
  0xbc, 0x0f, 0xab, 0x03, 0x48, 0xf7, 0x29, 0xec, 0x49, 0xe4, 0xcf, 0xde,
  0xcf, 0xde, 0xea, 0xe2, 0xca, 0xea, 0x0e, 0xf5, 0x26, 0x00, 0xa0, 0x0b,
  0x87, 0x14, 0xb7, 0x1b, 0x74, 0x1e, 0x15, 0x1d, 0xfa, 0x18, 0x6b, 0x10,
  0x02, 0x07, 0xac, 0xfc, 0x01, 0xf3, 0x7a, 0xeb, 0x06, 0xe7, 0xa8, 0xe5,
  0x06, 0xe7, 0x29, 0xec, 0xb1, 0xf3, 0x81, 0xfc, 0xa3, 0x05, 0xae, 0x0d,
  0x28, 0x13, 0x3d, 0x16, 0x3d, 0x16, 0xd8, 0x13, 0x0d, 0x0f, 0x08, 0x08,
  0x86, 0x00, 0x56, 0xf9, 0x01, 0xf3, 0x95, 0xef, 0x87, 0xed, 0x36, 0xee,
  0xf3, 0xf0, 0xea, 0xf5, 0x7a, 0xfb, 0x51, 0x01, 0xa9, 0x06, 0xf1, 0x0a,
  0xff, 0x0c, 0xae, 0x0d, 0x50, 0x0c, 0xbe, 0x09, 0xfa, 0x05, 0xea, 0x01,
  0xeb, 0xfd, 0xb5, 0xfa, 0x4f, 0xf8, 0x48, 0xf7, 0x48, 0xf7, 0xa7, 0xf8,
  0xb4, 0xfa, 0x30, 0xfd, 0x9b, 0xff, 0xa8, 0x01, 0xfc, 0x02, 0xab, 0x03,
  0xab, 0x03, 0x28, 0x03, 0x2c, 0x02, 0x3a, 0x01, 0x65, 0x00, 0xf5, 0xff,
  0xf0, 0xff, 0x4d, 0x00, 0xf3, 0x00, 0xa9, 0x01, 0x2c, 0x02, 0x41, 0x02,
  0xd4, 0x01, 0xbd, 0x00, 0x38, 0xff, 0x5c, 0xfd, 0x7a, 0xfb, 0xad, 0xf9,
  0xff, 0xf8, 0xff, 0xf8, 0x06, 0xfa, 0x29, 0xfc, 0x2e, 0xff, 0xa4, 0x02,
  0x52, 0x06, 0x67, 0x09, 0xa0, 0x0b, 0x50, 0x0c, 0xf1, 0x0a, 0xb7, 0x08,
  0x86, 0x04, 0x9b, 0xff, 0x5d, 0xfa, 0x0f, 0xf5, 0xa2, 0xf1, 0x95, 0xef,
  0xe6, 0xee, 0xa2, 0xf1, 0xea, 0xf5, 0xd2, 0xfb, 0xa4, 0x02, 0x66, 0x09,
  0xbc, 0x0f, 0xd8, 0x13, 0x36, 0x15, 0x86, 0x14, 0x6b, 0x10, 0x6d, 0x0a,
  0xa4, 0x02, 0x05, 0xfa, 0x52, 0xf2, 0x79, 0xeb, 0x06, 0xe7, 0x06, 0xe7,
  0x65, 0xe8, 0x37, 0xee, 0x42, 0xf6, 0xcf, 0xff, 0xbe, 0x09, 0x79, 0x12,
  0xfa, 0x18, 0x16, 0x1d, 0x15, 0x1d, 0xfa, 0x18, 0xc9, 0x11, 0xb0, 0x07,
  0xd9, 0xfc, 0xa3, 0xf1, 0x65, 0xe8, 0x8c, 0xe1, 0x2e, 0xe0, 0x8c, 0xe1,
  0x06, 0xe7, 0x95, 0xef, 0xf7, 0xfa, 0x59, 0x07, 0x79, 0x12, 0xb7, 0x1b,
  0x31, 0x21, 0x90, 0x22, 0xd2, 0x1f, 0xfa, 0x18, 0xae, 0x0d, 0x50, 0x01,
  0x5f, 0xf4, 0x65, 0xe8, 0x2e, 0xe0, 0x12, 0xdc, 0x11, 0xdc, 0x2d, 0xe0,
  0xc3, 0xe9, 0x0f, 0xf5, 0xa4, 0x02, 0xbc, 0x0f, 0x59, 0x1a, 0x90, 0x22,
  0x4d, 0x25, 0xee, 0x23, 0x74, 0x1e, 0xd7, 0x13, 0xaa, 0x06, 0xff, 0xf8,
  0x28, 0xec, 0x8c, 0xe1, 0xb3, 0xda, 0x55, 0xd9, 0x71, 0xdd, 0x48, 0xe4,
  0x43, 0xf0, 0x5c, 0xfd, 0xf1, 0x0a, 0x9c, 0x17, 0x31, 0x21, 0x4d, 0x25,
  0x4d, 0x25, 0x31, 0x21, 0x9b, 0x17, 0xa1, 0x0b, 0x57, 0xfe, 0xf3, 0xf0,
  0xa7, 0xe5, 0xcf, 0xde, 0xb3, 0xda, 0x12, 0xdc, 0xea, 0xe2, 0x28, 0xec,
  0x50, 0xf8, 0xa3, 0x05, 0xc9, 0x11, 0xb7, 0x1b, 0x31, 0x21, 0xee, 0x23,
  0x32, 0x21, 0x59, 0x1a, 0xbc, 0x0f, 0x54, 0x03, 0xf1, 0xf6, 0x28, 0xec,
  0x49, 0xe4, 0xcf, 0xde, 0xcf, 0xde, 0xea, 0xe2, 0xca, 0xea, 0x0f, 0xf5,
  0x5a, 0x00, 0xa0, 0x0b, 0x36, 0x15, 0xb7, 0x1b, 0x74, 0x1e, 0x15, 0x1d,
  0xfa, 0x18, 0x6b, 0x10, 0x02, 0x07, 0x81, 0xfc, 0x02, 0xf3, 0x79, 0xeb,
  0x06, 0xe7, 0xa8, 0xe5, 0x06, 0xe7, 0x29, 0xec, 0xb0, 0xf3, 0xac, 0xfc,
  0xa3, 0x05, 0xae, 0x0d, 0x28, 0x13, 0x3d, 0x16, 0x3d, 0x16, 0xd8, 0x13,
  0x5e, 0x0e, 0x08, 0x08, 0x65, 0x00, 0x56, 0xf9, 0x01, 0xf3, 0xe5, 0xee,
  0x87, 0xed, 0x36, 0xee, 0xf4, 0xf0, 0xea, 0xf5, 0x7a, 0xfb, 0x66, 0x01,
  0xaa, 0x06, 0xf1, 0x0a, 0xff, 0x0c, 0xae, 0x0d, 0x50, 0x0c, 0xbf, 0x09,
  0xfb, 0x05, 0xd4, 0x01, 0xd5, 0xfd, 0x5d, 0xfa, 0x4f, 0xf8, 0x48, 0xf7,
  0xa0, 0xf7, 0xa7, 0xf8, 0xb5, 0xfa, 0x30, 0xfd, 0xa6, 0xff, 0xa9, 0x01,
  0xfb, 0x02, 0xab, 0x03, 0xab, 0x03, 0x28, 0x03, 0x2c, 0x02, 0x3b, 0x01,
  0x65, 0x00, 0xf5, 0xff, 0xf4, 0xff, 0x5a, 0x00, 0xfe, 0x00, 0xa8, 0x01,
  0x2c, 0x02, 0x41, 0x02, 0xd4, 0x01, 0xbd, 0x00, 0x2e, 0xff, 0x5c, 0xfd,
  0x4e, 0xfb, 0xad, 0xf9, 0xff, 0xf8, 0xfe, 0xf8, 0x06, 0xfa, 0x29, 0xfc,
  0x43, 0xff, 0xd0, 0x02, 0x52, 0x06, 0x66, 0x09, 0xa1, 0x0b, 0x4f, 0x0c,
  0xf1, 0x0a, 0xb8, 0x08, 0x86, 0x04, 0x85, 0xff, 0x06, 0xfa, 0x0f, 0xf5,
  0xa3, 0xf1, 0xe5, 0xee, 0xe6, 0xee, 0xa2, 0xf1, 0xea, 0xf5, 0xd1, 0xfb,
  0xd0, 0x02, 0xbe, 0x09, 0xbc, 0x0f, 0xd7, 0x13, 0x36, 0x15, 0x86, 0x14,
  0x6b, 0x10, 0x6d, 0x0a, 0x79, 0x02, 0x06, 0xfa, 0xa3, 0xf1, 0x79, 0xeb,
  0x06, 0xe7, 0x06, 0xe7, 0x65, 0xe8, 0x35, 0xee, 0x42, 0xf6, 0x00, 0x00,
  0xbe, 0x09, 0x79, 0x12, 0xfa, 0x18, 0x15, 0x1d, 0x15, 0x1d, 0xfa, 0x18,
  0x1b, 0x11, 0xb0, 0x07, 0x81, 0xfc, 0xa2, 0xf1, 0x65, 0xe8, 0x8c, 0xe1,
  0x2d, 0xe0, 0x8c, 0xe1, 0x07, 0xe7, 0x95, 0xef, 0x4f, 0xfb, 0x58, 0x07,
  0x28, 0x13, 0xb7, 0x1b, 0x31, 0x21, 0x8f, 0x22, 0xd3, 0x1f, 0xfa, 0x18,
  0xae, 0x0d, 0x0f, 0x01, 0x60, 0xf4, 0x65, 0xe8, 0x2d, 0xe0, 0x12, 0xdc,
  0x12, 0xdc, 0x2e, 0xe0, 0xc3, 0xe9, 0x92, 0xf5, 0xfc, 0x02, 0xbc, 0x0f,
  0xb7, 0x1b, 0x90, 0x22, 0x4c, 0x25, 0xee, 0x23, 0x74, 0x1e, 0x29, 0x13,
  0xaa, 0x06, 0xa7, 0xf8, 0x29, 0xec, 0x8c, 0xe1, 0xb2, 0xda, 0x55, 0xd9,
  0x71, 0xdd, 0x49, 0xe4, 0x43, 0xf0, 0x87, 0xfd, 0xa0, 0x0b, 0x9b, 0x17,
  0x31, 0x21, 0x4d, 0x25, 0x4c, 0x25, 0x31, 0x21, 0x9b, 0x17, 0xa0, 0x0b,
  0x2b, 0xfe, 0xf4, 0xf0, 0xa8, 0xe5, 0x71, 0xdd, 0xb4, 0xda, 0x12, 0xdc,
  0xea, 0xe2, 0x28, 0xec, 0xa7, 0xf8, 0xa3, 0x05, 0xca, 0x11, 0xb7, 0x1b,
  0x90, 0x22, 0xee, 0x23, 0x31, 0x21, 0xfa, 0x18, 0x0d, 0x0f, 0x28, 0x03,
  0xf1, 0xf6, 0x28, 0xec, 0x49, 0xe4, 0xcf, 0xde, 0xcf, 0xde, 0xeb, 0xe2,
  0xca, 0xea, 0x0f, 0xf5, 0x86, 0x00, 0xa0, 0x0b, 0x36, 0x15, 0xb7, 0x1b,
  0x74, 0x1e, 0x15, 0x1d, 0xf9, 0x18, 0x6b, 0x10, 0xaa, 0x06, 0x55, 0xfc,
  0x01, 0xf3, 0x79, 0xeb, 0x06, 0xe7, 0xa8, 0xe5, 0x06, 0xe7, 0xd8, 0xec,
  0x5f, 0xf4, 0xd8, 0xfc, 0xa2, 0x05, 0xae, 0x0d, 0x28, 0x13, 0x3d, 0x16,
  0x3d, 0x16, 0xd7, 0x13, 0x5e, 0x0e, 0xb1, 0x07, 0x46, 0x00, 0xfe, 0xf8,
  0x01, 0xf3, 0xe6, 0xee, 0x87, 0xed, 0x36, 0xee, 0xa3, 0xf1, 0xea, 0xf5,
  0xa6, 0xfb, 0x7c, 0x01, 0xaa, 0x06, 0xf1, 0x0a, 0xff, 0x0c, 0xae, 0x0d,
  0x50, 0x0c, 0xbf, 0x09, 0xfb, 0x05, 0xbe, 0x01, 0xd4, 0xfd, 0x5d, 0xfa,
  0x50, 0xf8, 0x48, 0xf7, 0xa0, 0xf7, 0xff, 0xf8, 0xf6, 0xfa, 0x5c, 0xfd,
  0xa6, 0xff, 0xa9, 0x01, 0xfc, 0x02, 0xab, 0x03, 0xab, 0x03, 0xfc, 0x02,
  0x16, 0x02, 0x25, 0x01, 0x65, 0x00, 0xfb, 0xff, 0x00, 0x00, 0x65, 0x00,
  0x0f, 0x01, 0xbe, 0x01, 0x42, 0x02, 0x41, 0x02, 0xd3, 0x01, 0xb2, 0x00,
  0x17, 0xff, 0x30, 0xfd, 0x4e, 0xfb, 0xae, 0xf9, 0xa7, 0xf8, 0xfe, 0xf8,
  0x06, 0xfa, 0x29, 0xfc, 0x4f, 0xff, 0xd0, 0x02, 0x52, 0x06, 0x67, 0x09,
  0xa0, 0x0b, 0x50, 0x0c, 0xf1, 0x0a, 0xb7, 0x08, 0x85, 0x04, 0x64, 0xff,
  0x05, 0xfa, 0x0f, 0xf5, 0xf3, 0xf0, 0xe5, 0xee, 0xe6, 0xee, 0xa2, 0xf1,
  0xea, 0xf5, 0xfd, 0xfb, 0xd0, 0x02, 0xbf, 0x09, 0xbc, 0x0f, 0xd8, 0x13,
  0x3d, 0x16, 0x86, 0x14, 0x6b, 0x10, 0x6e, 0x0a, 0x79, 0x02, 0xae, 0xf9,
  0xa2, 0xf1, 0x79, 0xeb, 0x06, 0xe7, 0xa8, 0xe5, 0x65, 0xe8, 0x36, 0xee,
  0x99, 0xf6, 0x26, 0x00, 0x16, 0x0a, 0x28, 0x13, 0xfa, 0x18, 0x15, 0x1d,
  0x15, 0x1d, 0xfa, 0x18, 0x1b, 0x11, 0x59, 0x07, 0x55, 0xfc, 0xa3, 0xf1,
  0x65, 0xe8, 0x8c, 0xe1, 0xcf, 0xde, 0x8c, 0xe1, 0x06, 0xe7, 0x44, 0xf0,
  0x7a, 0xfb, 0xb1, 0x07, 0x28, 0x13, 0xb7, 0x1b, 0x31, 0x21, 0x8f, 0x22,
  0xd2, 0x1f, 0x9c, 0x17, 0xae, 0x0d, 0xde, 0x00, 0xb0, 0xf3, 0x65, 0xe8,
  0x2d, 0xe0, 0x12, 0xdc, 0x12, 0xdc, 0x2d, 0xe0, 0xc4, 0xe9, 0xea, 0xf5,
  0x28, 0x03, 0x6b, 0x10, 0xb7, 0x1b, 0x90, 0x22, 0xab, 0x26, 0xee, 0x23,
  0x16, 0x1d, 0x29, 0x13, 0x52, 0x06, 0xa7, 0xf8, 0x79, 0xeb, 0x8c, 0xe1,
  0xb3, 0xda, 0x56, 0xd9, 0x70, 0xdd, 0x49, 0xe4, 0x44, 0xf0, 0xd4, 0xfd,
  0xa0, 0x0b, 0x9b, 0x17, 0x31, 0x21, 0x4d, 0x25, 0x4d, 0x25, 0x31, 0x21,
  0x9b, 0x17, 0xa1, 0x0b, 0xea, 0xfd, 0xf3, 0xf0, 0xa8, 0xe5, 0x71, 0xdd,
  0xb4, 0xda, 0x12, 0xdc, 0xea, 0xe2, 0x28, 0xec, 0xa7, 0xf8, 0xfa, 0x05,
  0x79, 0x12, 0xb8, 0x1b, 0x90, 0x22, 0xef, 0x23, 0x31, 0x21, 0xf9, 0x18,
  0x0d, 0x0f, 0xfc, 0x02, 0x99, 0xf6, 0x79, 0xeb, 0x49, 0xe4, 0xcf, 0xde,
  0xcf, 0xde, 0xeb, 0xe2, 0xca, 0xea, 0x0f, 0xf5, 0xbc, 0x00, 0xa0, 0x0b,
  0x36, 0x15, 0xb7, 0x1b, 0x74, 0x1e, 0x16, 0x1d, 0x9b, 0x17, 0x6b, 0x10,
  0xa9, 0x06, 0x28, 0xfc, 0x52, 0xf2, 0xca, 0xea, 0x06, 0xe7, 0xa8, 0xe5,
  0x06, 0xe7, 0xd7, 0xec, 0x5f, 0xf4, 0x04, 0xfd, 0xfb, 0x05, 0xae, 0x0d,
  0x28, 0x13, 0x3d, 0x16, 0x3d, 0x16, 0xd7, 0x13, 0x5e, 0x0e, 0xb1, 0x07,
  0x20, 0x00, 0xff, 0xf8, 0x00, 0xf3, 0xe6, 0xee, 0x87, 0xed, 0x36, 0xee,
  0xa2, 0xf1, 0x41, 0xf6, 0xd2, 0xfb, 0xa8, 0x01, 0x01, 0x07, 0xf1, 0x0a,
  0xff, 0x0c, 0xae, 0x0d, 0x50, 0x0c, 0x67, 0x09, 0xa3, 0x05, 0xa8, 0x01,
  0xa8, 0xfd, 0x5d, 0xfa, 0x4f, 0xf8, 0x48, 0xf7, 0xa0, 0xf7, 0xff, 0xf8,
  0xf6, 0xfa, 0x5c, 0xfd, 0xca, 0xff, 0xbf, 0x01, 0x28, 0x03, 0xab, 0x03,
  0xab, 0x03, 0xfc, 0x02, 0x16, 0x02, 0x0f, 0x01, 0x52, 0x00, 0xea, 0xff,
  0xef, 0xff, 0x5a, 0x00, 0x0f, 0x01, 0xbe, 0x01, 0x42, 0x02, 0x58, 0x02,
  0xd4, 0x01, 0xbc, 0x00, 0x23, 0xff, 0x30, 0xfd, 0x4e, 0xfb, 0xad, 0xf9,
  0xa7, 0xf8, 0xfe, 0xf8, 0x05, 0xfa, 0x28, 0xfc, 0x4e, 0xff, 0xd0, 0x02,
  0xaa, 0x06, 0xbf, 0x09, 0xa1, 0x0b, 0x4f, 0x0c, 0xf1, 0x0a, 0x5f, 0x08,
  0x5b, 0x04, 0x5a, 0xff, 0x06, 0xfa, 0x0f, 0xf5, 0xf3, 0xf0, 0xe6, 0xee,
  0xe5, 0xee, 0xa2, 0xf1, 0xea, 0xf5, 0xfd, 0xfb, 0xfc, 0x02, 0xbe, 0x09,
  0xbc, 0x0f, 0xd8, 0x13, 0x3d, 0x16, 0x87, 0x14, 0x6b, 0x10, 0x16, 0x0a,
  0x58, 0x02, 0xad, 0xf9, 0xa3, 0xf1, 0xc9, 0xea, 0x06, 0xe7, 0xa8, 0xe5,
  0x65, 0xe8, 0x36, 0xee, 0x9a, 0xf6, 0x4c, 0x00, 0x16, 0x0a, 0x29, 0x13,
  0x58, 0x1a, 0x16, 0x1d, 0x16, 0x1d, 0xfb, 0x18, 0x1a, 0x11, 0x59, 0x07,
  0x29, 0xfc, 0xa3, 0xf1, 0x64, 0xe8, 0x8c, 0xe1, 0xcf, 0xde, 0x8d, 0xe1,
  0x06, 0xe7, 0x44, 0xf0, 0xa5, 0xfb, 0xb1, 0x07, 0x28, 0x13, 0xb6, 0x1b,
  0x31, 0x21, 0x8f, 0x22, 0xd3, 0x1f, 0x9c, 0x17, 0xff, 0x0c, 0xa7, 0x00,
  0xb0, 0xf3, 0x65, 0xe8, 0x2d, 0xe0, 0x12, 0xdc, 0x11, 0xdc, 0x2d, 0xe0,
  0xc3, 0xe9, 0xea, 0xf5, 0x7f, 0x03, 0x6b, 0x10, 0xb7, 0x1b, 0x8f, 0x22,
  0xab, 0x26, 0xee, 0x23, 0x16, 0x1d, 0x28, 0x13, 0xfa, 0x05, 0x4f, 0xf8,
  0x79, 0xeb, 0x8c, 0xe1, 0xb3, 0xda, 0x55, 0xd9, 0x70, 0xdd, 0xa8, 0xe5,
  0xf3, 0xf0, 0x16, 0xfe, 0xa0, 0x0b, 0x9b, 0x17, 0x31, 0x21, 0x4d, 0x25,
  0x4c, 0x25, 0x32, 0x21, 0x9c, 0x17, 0xf1, 0x0a, 0xa9, 0xfd, 0x44, 0xf0,
  0xa8, 0xe5, 0x71, 0xdd, 0xb3, 0xda, 0x12, 0xdc, 0xeb, 0xe2, 0xd7, 0xec,
  0xfe, 0xf8, 0x52, 0x06, 0x79, 0x12, 0xb7, 0x1b, 0x90, 0x22, 0xee, 0x23,
  0xd3, 0x1f, 0xfa, 0x18, 0x0d, 0x0f, 0xa3, 0x02, 0x41, 0xf6, 0x79, 0xeb,
  0xeb, 0xe2, 0xcf, 0xde, 0xcf, 0xde, 0xeb, 0xe2, 0x79, 0xeb, 0x92, 0xf5,
  0xff, 0x00, 0x50, 0x0c, 0x36, 0x15, 0xb7, 0x1b, 0x74, 0x1e, 0x16, 0x1d,
  0x9c, 0x17, 0xbc, 0x0f, 0x52, 0x06, 0xfd, 0xfb, 0x52, 0xf2, 0xca, 0xea,
  0xa8, 0xe5, 0xa7, 0xe5, 0x06, 0xe7, 0xd8, 0xec, 0x5f, 0xf4, 0x30, 0xfd,
  0xfa, 0x05, 0xae, 0x0d, 0xd7, 0x13, 0x3d, 0x16, 0x3d, 0x16, 0xd7, 0x13,
  0x5d, 0x0e, 0x5a, 0x07, 0xf0, 0xff, 0xa7, 0xf8, 0x02, 0xf3, 0xe6, 0xee,
  0x87, 0xed, 0x36, 0xee, 0xa3, 0xf1, 0x42, 0xf6, 0xfe, 0xfb, 0xbf, 0x01,
  0x01, 0x07, 0xf1, 0x0a, 0xff, 0x0c, 0xae, 0x0d, 0x4f, 0x0c, 0x67, 0x09,
  0xa3, 0x05, 0x7d, 0x01, 0x88, 0xfd, 0x5d, 0xfa, 0x4f, 0xf8, 0x48, 0xf7,
  0xa0, 0xf7, 0xff, 0xf8, 0x22, 0xfb, 0x87, 0xfd, 0xda, 0xff, 0xd4, 0x01,
  0x28, 0x03, 0xab, 0x03, 0xab, 0x03, 0xfc, 0x02, 0x00, 0x02, 0x0f, 0x01,
  0x47, 0x00, 0xe5, 0xff, 0xf0, 0xff, 0x65, 0x00, 0x0f, 0x01, 0xbe, 0x01,
  0x42, 0x02, 0x57, 0x02, 0xd4, 0x01, 0xbd, 0x00, 0x18, 0xff, 0x30, 0xfd,
  0x4e, 0xfb, 0xaf, 0xf9, 0xa7, 0xf8, 0xff, 0xf8, 0x05, 0xfa, 0x55, 0xfc,
  0x59, 0xff, 0xfc, 0x02, 0xa9, 0x06, 0xbe, 0x09, 0xa0, 0x0b, 0x50, 0x0c,
  0xf1, 0x0a, 0x60, 0x08, 0x5a, 0x04, 0x4e, 0xff, 0x06, 0xfa, 0x0f, 0xf5,
  0xf3, 0xf0, 0xe5, 0xee, 0xe6, 0xee, 0xa3, 0xf1, 0xea, 0xf5, 0x29, 0xfc,
  0xfc, 0x02, 0x16, 0x0a, 0xbc, 0x0f, 0xd8, 0x13, 0x3d, 0x16, 0x87, 0x14,
  0x6b, 0x10, 0x16, 0x0a, 0x2b, 0x02, 0xae, 0xf9, 0xa2, 0xf1, 0xca, 0xea,
  0x06, 0xe7, 0xa8, 0xe5, 0x64, 0xe8, 0xe6, 0xee, 0xf0, 0xf6, 0x7b, 0x00,
  0x6d, 0x0a, 0x28, 0x13, 0x58, 0x1a, 0x15, 0x1d, 0x15, 0x1d, 0xfa, 0x18,
  0x1b, 0x11, 0x01, 0x07, 0xfd, 0xfb, 0xf3, 0xf0, 0x64, 0xe8, 0x8b, 0xe1,
  0xcf, 0xde, 0x8c, 0xe1, 0x06, 0xe7, 0x44, 0xf0, 0xd1, 0xfb, 0x09, 0x08,
  0x28, 0x13, 0xb7, 0x1b, 0x31, 0x21, 0x8f, 0x22, 0xd2, 0x1f, 0x9b, 0x17,
  0xff, 0x0c, 0x65, 0x00, 0xb0, 0xf3, 0x65, 0xe8, 0x2d, 0xe0, 0x12, 0xdc,
  0x12, 0xdc, 0x8d, 0xe1, 0xc3, 0xe9, 0x41, 0xf6, 0xab, 0x03, 0x6b, 0x10,
  0xb7, 0x1b, 0x8f, 0x22, 0xab, 0x26, 0xee, 0x23, 0x16, 0x1d, 0x28, 0x13,
  0xa3, 0x05, 0xf8, 0xf7, 0x7a, 0xeb, 0x8c, 0xe1, 0xb4, 0xda, 0x55, 0xd9,
  0x71, 0xdd, 0xa8, 0xe5, 0xf3, 0xf0, 0x58, 0xfe, 0x50, 0x0c, 0x9c, 0x17,
  0x31, 0x21, 0x4d, 0x25, 0x4d, 0x25, 0xd2, 0x1f, 0x9b, 0x17, 0xf2, 0x0a,
  0x5c, 0xfd, 0x44, 0xf0, 0xa8, 0xe5, 0x71, 0xdd, 0xb4, 0xda, 0x12, 0xdc,
  0xeb, 0xe2, 0xd7, 0xec, 0x56, 0xf9, 0x52, 0x06, 0x79, 0x12, 0xb7, 0x1b,
  0x90, 0x22, 0xee, 0x23, 0xd2, 0x1f, 0xfa, 0x18, 0x5e, 0x0e, 0x78, 0x02,
  0x41, 0xf6, 0x79, 0xeb, 0xea, 0xe2, 0xd0, 0xde, 0xcf, 0xde, 0xea, 0xe2,
  0x79, 0xeb, 0xea, 0xf5, 0x3b, 0x01, 0x50, 0x0c, 0x36, 0x15, 0xb7, 0x1b,
  0x74, 0x1e, 0x16, 0x1d, 0x9c, 0x17, 0xbc, 0x0f, 0xfa, 0x05, 0xd1, 0xfb,
  0x52, 0xf2, 0xca, 0xea, 0xa8, 0xe5, 0xa8, 0xe5, 0x06, 0xe7, 0xd7, 0xec,
  0x60, 0xf4, 0x5c, 0xfd, 0x52, 0x06, 0x5e, 0x0e, 0xd7, 0x13, 0x3d, 0x16,
  0x3d, 0x16, 0xd8, 0x13, 0x5d, 0x0e, 0x59, 0x07, 0xcf, 0xff, 0xa7, 0xf8,
  0x01, 0xf3, 0xe6, 0xee, 0x86, 0xed, 0x36, 0xee, 0xa3, 0xf1, 0x42, 0xf6,
  0xfd, 0xfb, 0xd4, 0x01, 0x02, 0x07, 0xf1, 0x0a, 0xff, 0x0c, 0xae, 0x0d,
  0x50, 0x0c, 0x67, 0x09, 0xa3, 0x05, 0x7c, 0x01, 0x88, 0xfd, 0x5d, 0xfa,
  0x4f, 0xf8, 0x49, 0xf7, 0xa0, 0xf7, 0xff, 0xf8, 0x23, 0xfb, 0x88, 0xfd,
  0xda, 0xff, 0xd4, 0x01, 0x28, 0x03, 0xab, 0x03, 0xab, 0x03, 0xfb, 0x02,
  0x00, 0x02, 0x0f, 0x01, 0x4d, 0x00, 0xea, 0xff, 0xf5, 0xff, 0x65, 0x00,
  0x0f, 0x01, 0xbe, 0x01, 0x41, 0x02, 0x58, 0x02, 0xd4, 0x01, 0xb1, 0x00,
  0x0d, 0xff, 0x30, 0xfd, 0x22, 0xfb, 0xae, 0xf9, 0xa7, 0xf8, 0xff, 0xf8,
  0x06, 0xfa, 0x55, 0xfc, 0x7a, 0xff, 0xfb, 0x02, 0xaa, 0x06, 0xbe, 0x09,
  0xa0, 0x0b, 0x50, 0x0c, 0xf1, 0x0a, 0x60, 0x08, 0x2e, 0x04, 0x2d, 0xff,
  0xaf, 0xf9, 0x0f, 0xf5, 0xf3, 0xf0, 0xe5, 0xee, 0xe5, 0xee, 0xa2, 0xf1,
  0x42, 0xf6, 0x55, 0xfc, 0x28, 0x03, 0x16, 0x0a, 0xbb, 0x0f, 0xd8, 0x13,
  0x3d, 0x16, 0x86, 0x14, 0x6b, 0x10, 0x16, 0x0a, 0x00, 0x02, 0x56, 0xf9,
  0xa3, 0xf1, 0xca, 0xea, 0x06, 0xe7, 0xa7, 0xe5, 0x64, 0xe8, 0xe5, 0xee,
  0xf1, 0xf6, 0xb2, 0x00, 0x6e, 0x0a, 0x28, 0x13, 0x59, 0x1a, 0x15, 0x1d,
  0x16, 0x1d, 0xfa, 0x18, 0x1a, 0x11, 0x01, 0x07, 0xd2, 0xfb, 0xf3, 0xf0,
  0x64, 0xe8, 0x8d, 0xe1, 0xcf, 0xde, 0x8c, 0xe1, 0x06, 0xe7, 0x44, 0xf0,
  0x2a, 0xfc, 0x61, 0x08, 0xd8, 0x13, 0x16, 0x1d, 0x8f, 0x22, 0x90, 0x22,
  0xd2, 0x1f, 0x9b, 0x17, 0xff, 0x0c, 0x2c, 0x00, 0x01, 0xf3, 0x64, 0xe8,
  0x2d, 0xe0, 0xb3, 0xda, 0x12, 0xdc, 0x8c, 0xe1, 0xc3, 0xe9, 0x99, 0xf6,
  0x02, 0x04, 0x1a, 0x11, 0xb7, 0x1b, 0xee, 0x23, 0xab, 0x26, 0xee, 0x23,
  0x15, 0x1d, 0x79, 0x12, 0xa3, 0x05, 0xa0, 0xf7, 0xca, 0xea, 0x8b, 0xe1,
  0xb4, 0xda, 0x56, 0xd9, 0x70, 0xdd, 0xa8, 0xe5, 0xf3, 0xf0, 0x9a, 0xfe,
  0x50, 0x0c, 0xfa, 0x18, 0x31, 0x21, 0x4d, 0x25, 0x4d, 0x25, 0xd3, 0x1f,
  0x9b, 0x17, 0xf1, 0x0a, 0x30, 0xfd, 0x44, 0xf0, 0xa7, 0xe5, 0x70, 0xdd,
  0xb3, 0xda, 0x12, 0xdc, 0xea, 0xe2, 0xd7, 0xec, 0xae, 0xf9, 0xaa, 0x06,
  0x29, 0x13, 0x15, 0x1d, 0x8f, 0x22, 0xee, 0x23, 0xd3, 0x1f, 0xfa, 0x18,
  0x5e, 0x0e, 0x42, 0x02, 0xea, 0xf5, 0x79, 0xeb, 0xea, 0xe2, 0xcf, 0xde,
  0xcf, 0xde, 0x49, 0xe4, 0x79, 0xeb, 0xeb, 0xf5, 0x66, 0x01, 0x50, 0x0c,
  0x3d, 0x16, 0xb7, 0x1b, 0x74, 0x1e, 0x16, 0x1d, 0x9c, 0x17, 0xbc, 0x0f,
  0xfb, 0x05, 0xa6, 0xfb, 0x52, 0xf2, 0xc9, 0xea, 0xa8, 0xe5, 0xa8, 0xe5,
  0x05, 0xe7, 0xd8, 0xec, 0x60, 0xf4, 0x87, 0xfd, 0x52, 0x06, 0x5d, 0x0e,
  0xd7, 0x13, 0x3d, 0x16, 0x3c, 0x16, 0x28, 0x13, 0x5e, 0x0e, 0x01, 0x07,
  0xae, 0xff, 0xa7, 0xf8, 0x01, 0xf3, 0xe6, 0xee, 0x87, 0xed, 0x36, 0xee,
  0xa2, 0xf1, 0x99, 0xf6, 0x29, 0xfc, 0xea, 0x01, 0x01, 0x07, 0xf1, 0x0a,
  0xff, 0x0c, 0xae, 0x0d, 0x50, 0x0c, 0x67, 0x09, 0xa3, 0x05, 0x66, 0x01,
  0x88, 0xfd, 0x5c, 0xfa, 0x4f, 0xf8, 0x48, 0xf7, 0xa0, 0xf7, 0xfe, 0xf8,
  0x22, 0xfb, 0x88, 0xfd, 0xe5, 0xff, 0xd5, 0x01, 0x27, 0x03, 0xab, 0x03,
  0x7f, 0x03, 0xd0, 0x02, 0xea, 0x01, 0xfe, 0x00, 0x41, 0x00, 0xea, 0xff,
  0xfb, 0xff, 0x70, 0x00, 0x25, 0x01, 0xd4, 0x01, 0x57, 0x02, 0x57, 0x02,
  0xd4, 0x01, 0xb2, 0x00, 0x01, 0xff, 0x04, 0xfd, 0x22, 0xfb, 0xad, 0xf9,
  0xa7, 0xf8, 0xa7, 0xf8, 0x06, 0xfa, 0x55, 0xfc, 0x7a, 0xff, 0x28, 0x03,
  0xa9, 0x06, 0xbf, 0x09, 0xa1, 0x0b, 0x50, 0x0c, 0xf1, 0x0a, 0x60, 0x08,
  0x2e, 0x04, 0x17, 0xff, 0xae, 0xf9, 0x0f, 0xf5, 0xf3, 0xf0, 0xe5, 0xee,
  0xe6, 0xee, 0xa2, 0xf1, 0x41, 0xf6, 0x55, 0xfc, 0x54, 0x03, 0x16, 0x0a,
  0x6b, 0x10, 0xd8, 0x13, 0x3c, 0x16, 0x87, 0x14, 0x6c, 0x10, 0xbe, 0x09,
  0xea, 0x01, 0x56, 0xf9, 0xf3, 0xf0, 0xca, 0xea, 0x06, 0xe7, 0xa7, 0xe5,
  0x65, 0xe8, 0xe6, 0xee, 0x49, 0xf7, 0xd3, 0x00, 0xf2, 0x0a, 0xd8, 0x13,
  0x58, 0x1a, 0x16, 0x1d, 0x15, 0x1d, 0xfa, 0x18, 0x6b, 0x10, 0xaa, 0x06,
  0xa5, 0xfb, 0xf3, 0xf0, 0x06, 0xe7, 0x8c, 0xe1, 0xcf, 0xde, 0x8c, 0xe1,
  0x06, 0xe7, 0xf3, 0xf0, 0x55, 0xfc, 0x60, 0x08, 0xd8, 0x13, 0x16, 0x1d,
  0x90, 0x22, 0x90, 0x22, 0xd3, 0x1f, 0x9c, 0x17, 0x50, 0x0c, 0xf5, 0xff,
  0x01, 0xf3, 0x64, 0xe8, 0x2e, 0xe0, 0xb4, 0xda, 0x12, 0xdc, 0x8c, 0xe1,
  0xc9, 0xea, 0x99, 0xf6, 0x2f, 0x04, 0x1a, 0x11, 0xb7, 0x1b, 0xee, 0x23,
  0xab, 0x26, 0xee, 0x23, 0x16, 0x1d, 0x78, 0x12, 0x4b, 0x05, 0xa0, 0xf7,
  0xca, 0xea, 0x2e, 0xe0, 0xb4, 0xda, 0x55, 0xd9, 0x71, 0xdd, 0xa8, 0xe5,
  0xa2, 0xf1, 0xdc, 0xfe, 0x4f, 0x0c, 0xfa, 0x18, 0x31, 0x21, 0x4d, 0x25,
  0x4c, 0x25, 0xd2, 0x1f, 0x3d, 0x16, 0x6e, 0x0a, 0xd8, 0xfc, 0x95, 0xef,
  0x49, 0xe4, 0x70, 0xdd, 0xb3, 0xda, 0x12, 0xdc, 0xeb, 0xe2, 0x88, 0xed,
  0xae, 0xf9, 0x01, 0x07, 0x28, 0x13, 0x16, 0x1d, 0x90, 0x22, 0xee, 0x23,
  0xd2, 0x1f, 0xfa, 0x18, 0x5d, 0x0e, 0x00, 0x02, 0xea, 0xf5, 0xca, 0xea,
  0xea, 0xe2, 0xce, 0xde, 0xcf, 0xde, 0x49, 0xe4, 0x79, 0xeb, 0x42, 0xf6,
  0x92, 0x01, 0x4f, 0x0c, 0x3d, 0x16, 0xb7, 0x1b, 0x74, 0x1e, 0x16, 0x1d,
  0x9c, 0x17, 0xbc, 0x0f, 0xa2, 0x05, 0x4e, 0xfb, 0xa2, 0xf1, 0xca, 0xea,
  0xa7, 0xe5, 0xa7, 0xe5, 0x06, 0xe7, 0x87, 0xed, 0x0f, 0xf5, 0xbf, 0xfd,
  0xaa, 0x06, 0x5e, 0x0e, 0xd8, 0x13, 0x3d, 0x16, 0x3d, 0x16, 0x29, 0x13,
  0xaf, 0x0d, 0x02, 0x07, 0x85, 0xff, 0x4f, 0xf8, 0x01, 0xf3, 0xe6, 0xee,
  0x87, 0xed, 0xe5, 0xee, 0xa3, 0xf1, 0x9a, 0xf6, 0x56, 0xfc, 0x16, 0x02,
  0x59, 0x07, 0xf1, 0x0a, 0xff, 0x0c, 0xae, 0x0d, 0x50, 0x0c, 0x10, 0x09,
  0x4b, 0x05, 0x3b, 0x01, 0x5c, 0xfd, 0x05, 0xfa, 0xf8, 0xf7, 0x49, 0xf7,
  0xa0, 0xf7, 0xfe, 0xf8, 0x4f, 0xfb, 0xa8, 0xfd, 0x00, 0x00, 0xea, 0x01,
  0x27, 0x03, 0xab, 0x03, 0x7f, 0x03, 0xd0, 0x02, 0xe9, 0x01, 0xe8, 0x00,
  0x31, 0x00, 0xd4, 0xff, 0xf0, 0xff, 0x65, 0x00, 0x25, 0x01, 0xea, 0x01,
  0x58, 0x02, 0x78, 0x02, 0xea, 0x01, 0xbc, 0x00, 0x0c, 0xff, 0x04, 0xfd,
  0x22, 0xfb, 0xae, 0xf9, 0xa7, 0xf8, 0xa7, 0xf8, 0x06, 0xfa, 0x55, 0xfc,
  0x7a, 0xff, 0x28, 0x03, 0xaa, 0x06, 0xbe, 0x09, 0xa0, 0x0b, 0x4f, 0x0c,
  0xf2, 0x0a, 0x60, 0x08, 0x2f, 0x04, 0x0d, 0xff, 0xae, 0xf9, 0x60, 0xf4,
  0xf3, 0xf0, 0xe6, 0xee, 0xe6, 0xee, 0xa3, 0xf1, 0x41, 0xf6, 0x55, 0xfc,
  0x53, 0x03, 0x6e, 0x0a, 0x6b, 0x10, 0x87, 0x14, 0x3d, 0x16, 0x87, 0x14,
  0x6b, 0x10, 0xbf, 0x09, 0xd4, 0x01, 0x56, 0xf9, 0xf4, 0xf0, 0xca, 0xea,
  0x07, 0xe7, 0xa7, 0xe5, 0x65, 0xe8, 0xe6, 0xee, 0x48, 0xf7, 0xf3, 0x00,
  0xf1, 0x0a, 0xd7, 0x13, 0x59, 0x1a, 0x15, 0x1d, 0x16, 0x1d, 0xfa, 0x18,
  0x6b, 0x10, 0xaa, 0x06, 0x79, 0xfb, 0xf4, 0xf0, 0x06, 0xe7, 0x8b, 0xe1,
  0xcf, 0xde, 0x8b, 0xe1, 0x06, 0xe7, 0xf3, 0xf0, 0x81, 0xfc, 0xb8, 0x08,
  0xd8, 0x13, 0x15, 0x1d, 0x8f, 0x22, 0x8f, 0x22, 0xd3, 0x1f, 0x9b, 0x17,
  0x50, 0x0c, 0xc9, 0xff, 0x01, 0xf3, 0x06, 0xe7, 0xcf, 0xde, 0xb4, 0xda,
  0x12, 0xdc, 0x8c, 0xe1, 0xca, 0xea, 0xf1, 0xf6, 0x5b, 0x04, 0x1b, 0x11,
  0xb7, 0x1b, 0xee, 0x23, 0xab, 0x26, 0xee, 0x23, 0x15, 0x1d, 0x79, 0x12,
  0x4b, 0x05, 0x49, 0xf7, 0xca, 0xea, 0x2d, 0xe0, 0xb3, 0xda, 0x55, 0xd9,
  0x71, 0xdd, 0xa8, 0xe5, 0xa3, 0xf1, 0x0c, 0xff, 0xff, 0x0c, 0xf9, 0x18,
  0x31, 0x21, 0x4d, 0x25, 0x4d, 0x25, 0xd2, 0x1f, 0x3e, 0x16, 0x6e, 0x0a,
  0xad, 0xfc, 0x95, 0xef, 0x49, 0xe4, 0x70, 0xdd, 0xb4, 0xda, 0x12, 0xdc,
  0xeb, 0xe2, 0x87, 0xed, 0x06, 0xfa, 0x02, 0x07, 0x29, 0x13, 0x16, 0x1d,
  0x90, 0x22, 0xef, 0x23, 0xd2, 0x1f, 0xfb, 0x18, 0x5e, 0x0e, 0xd4, 0x01,
  0x92, 0xf5, 0xca, 0xea, 0xea, 0xe2, 0xcf, 0xde, 0xcf, 0xde, 0x49, 0xe4,
  0x28, 0xec, 0x41, 0xf6, 0xd4, 0x01, 0xff, 0x0c, 0x3d, 0x16, 0xb7, 0x1b,
  0x74, 0x1e, 0x16, 0x1d, 0x9b, 0x17, 0xbc, 0x0f, 0xa3, 0x05, 0x4e, 0xfb,
  0xa3, 0xf1, 0xc9, 0xea, 0xa7, 0xe5, 0xa8, 0xe5, 0x64, 0xe8, 0x87, 0xed,
  0x0f, 0xf5, 0xea, 0xfd, 0xa9, 0x06, 0x5d, 0x0e, 0xd8, 0x13, 0x3d, 0x16,
  0x3c, 0x16, 0x28, 0x13, 0xae, 0x0d, 0x01, 0x07, 0x65, 0xff, 0x50, 0xf8,
  0x52, 0xf2, 0xe5, 0xee, 0x87, 0xed, 0xe6, 0xee, 0xa2, 0xf1, 0x99, 0xf6,
  0x55, 0xfc, 0x2c, 0x02, 0x58, 0x07, 0xf1, 0x0a, 0xff, 0x0c, 0xae, 0x0d,
  0x50, 0x0c, 0x0f, 0x09, 0x4b, 0x05, 0x3b, 0x01, 0x5b, 0xfd, 0x05, 0xfa,
  0xf8, 0xf7, 0x48, 0xf7, 0xa0, 0xf7, 0xff, 0xf8, 0x4f, 0xfb, 0xa9, 0xfd,
  0x00, 0x00, 0xea, 0x01, 0x27, 0x03, 0xab, 0x03, 0x7f, 0x03, 0xd0, 0x02,
  0xe9, 0x01, 0xe8, 0x00, 0x37, 0x00, 0xdf, 0xff, 0xf5, 0xff, 0x70, 0x00,
  0x25, 0x01, 0xea, 0x01, 0x57, 0x02, 0x78, 0x02, 0xd4, 0x01, 0xb2, 0x00,
  0x01, 0xff, 0x04, 0xfd, 0x23, 0xfb, 0xae, 0xf9, 0xa7, 0xf8, 0xa7, 0xf8,
  0x06, 0xfa, 0x55, 0xfc, 0x90, 0xff, 0x28, 0x03, 0xaa, 0x06, 0xbf, 0x09,
  0xa0, 0x0b, 0x4f, 0x0c, 0xf1, 0x0a, 0x60, 0x08, 0x2f, 0x04, 0xf2, 0xfe,
  0xae, 0xf9, 0x60, 0xf4, 0xf3, 0xf0, 0xe5, 0xee, 0xe5, 0xee, 0xa3, 0xf1,
  0x41, 0xf6, 0x81, 0xfc, 0x7f, 0x03, 0x6f, 0x0a, 0x6a, 0x10, 0x87, 0x14,
  0x3d, 0x16, 0x87, 0x14, 0x6c, 0x10, 0xbe, 0x09, 0xa8, 0x01, 0xff, 0xf8,
  0xf3, 0xf0, 0xc9, 0xea, 0x06, 0xe7, 0xa8, 0xe5, 0xc3, 0xe9, 0xe6, 0xee,
  0x48, 0xf7, 0x25, 0x01, 0xf1, 0x0a, 0xd8, 0x13, 0x59, 0x1a, 0x16, 0x1d,
  0x16, 0x1d, 0x9b, 0x17, 0x6b, 0x10, 0x52, 0x06, 0x4f, 0xfb, 0x44, 0xf0,
  0x06, 0xe7, 0x8c, 0xe1, 0xcf, 0xde, 0x8c, 0xe1, 0x06, 0xe7, 0xf3, 0xf0,
  0xac, 0xfc, 0xb8, 0x08, 0xd7, 0x13, 0x15, 0x1d, 0x8f, 0x22, 0x90, 0x22,
  0x73, 0x1e, 0x9b, 0x17, 0x4f, 0x0c, 0x90, 0xff, 0x01, 0xf3, 0x06, 0xe7,
  0xcf, 0xde, 0xb4, 0xda, 0x13, 0xdc, 0x8c, 0xe1, 0xca, 0xea, 0xf0, 0xf6,
  0x87, 0x04, 0xca, 0x11, 0xb7, 0x1b, 0xee, 0x23, 0xab, 0x26, 0xee, 0x23,
  0x16, 0x1d, 0xca, 0x11, 0xde, 0x04, 0x48, 0xf7, 0xc2, 0xe9, 0x2e, 0xe0,
  0xb3, 0xda, 0x55, 0xd9, 0x71, 0xdd, 0xa7, 0xe5, 0xa2, 0xf1, 0x44, 0xff,
  0xff, 0x0c, 0xfa, 0x18, 0x31, 0x21, 0x4d, 0x25, 0x4d, 0x25, 0xd3, 0x1f,
  0x3d, 0x16, 0x16, 0x0a, 0x81, 0xfc, 0x95, 0xef, 0x49, 0xe4, 0x71, 0xdd,
  0xb3, 0xda, 0x71, 0xdd, 0xea, 0xe2, 0x87, 0xed, 0x05, 0xfa, 0x59, 0x07,
  0x29, 0x13, 0x16, 0x1d, 0x90, 0x22, 0xee, 0x23, 0xd3, 0x1f, 0xfa, 0x18,
  0xae, 0x0d, 0xa9, 0x01, 0x92, 0xf5, 0xca, 0xea, 0xeb, 0xe2, 0xcf, 0xde,
  0xcf, 0xde, 0x49, 0xe4, 0x28, 0xec, 0x9a, 0xf6, 0x00, 0x02, 0xff, 0x0c,
  0x3e, 0x16, 0xb7, 0x1b, 0x74, 0x1e, 0x16, 0x1d, 0x9b, 0x17, 0x0d, 0x0f,
  0x4c, 0x05, 0x22, 0xfb, 0xa2, 0xf1, 0xc4, 0xe9, 0xa7, 0xe5, 0xa8, 0xe5,
  0x65, 0xe8, 0x87, 0xed, 0x0f, 0xf5, 0x00, 0xfe, 0xaa, 0x06, 0x5e, 0x0e,
  0xd7, 0x13, 0x3d, 0x16, 0x3d, 0x16, 0x28, 0x13, 0xae, 0x0d, 0xaa, 0x06,
  0x4e, 0xff, 0x4f, 0xf8, 0x52, 0xf2, 0xe5, 0xee, 0x87, 0xed, 0xe6, 0xee,
  0xa3, 0xf1, 0xf1, 0xf6, 0x81, 0xfc, 0x42, 0x02, 0x59, 0x07, 0xf1, 0x0a,
  0xff, 0x0c, 0xae, 0x0d, 0xa0, 0x0b, 0x0f, 0x09, 0x4b, 0x05, 0x24, 0x01,
  0x5c, 0xfd, 0x06, 0xfa, 0x4f, 0xf8, 0x48, 0xf7, 0xf8, 0xf7, 0x56, 0xf9,
  0x4e, 0xfb, 0xbe, 0xfd, 0x10, 0x00, 0xe9, 0x01, 0x27, 0x03, 0xab, 0x03,
  0x7f, 0x03, 0xd0, 0x02, 0xd4, 0x01, 0xde, 0x00, 0x2c, 0x00, 0xdf, 0xff,
  0x00, 0x00, 0x85, 0x00, 0x3a, 0x01, 0xff, 0x01, 0x79, 0x02, 0x78, 0x02,
  0xea, 0x01, 0xb2, 0x00, 0xf1, 0xfe, 0x04, 0xfd, 0xf6, 0xfa, 0x56, 0xf9,
  0xa6, 0xf8, 0xa7, 0xf8, 0x05, 0xfa, 0x55, 0xfc, 0x9b, 0xff, 0x54, 0x03,
  0x01, 0x07, 0x16, 0x0a, 0xa1, 0x0b, 0x4f, 0x0c, 0xf1, 0x0a, 0x60, 0x08,
  0x03, 0x04, 0xdb, 0xfe, 0x56, 0xf9, 0x60, 0xf4, 0xf3, 0xf0, 0xe6, 0xee,
  0xe6, 0xee, 0xa2, 0xf1, 0x42, 0xf6, 0xac, 0xfc, 0xab, 0x03, 0x6d, 0x0a,
  0x6b, 0x10, 0x87, 0x14, 0x3d, 0x16, 0x87, 0x14, 0x6c, 0x10, 0xbf, 0x09,
  0x7d, 0x01, 0xff, 0xf8, 0xf3, 0xf0, 0xca, 0xea, 0x06, 0xe7, 0xa7, 0xe5,
  0xc3, 0xe9, 0xe5, 0xee, 0xa0, 0xf7, 0x51, 0x01, 0xf1, 0x0a, 0xd7, 0x13,
  0x59, 0x1a, 0x15, 0x1d, 0x16, 0x1d, 0x9c, 0x17, 0x6b, 0x10, 0x52, 0x06,
  0x22, 0xfb, 0x44, 0xf0, 0x06, 0xe7, 0x8c, 0xe1, 0xcf, 0xde, 0x8b, 0xe1,
  0x65, 0xe8, 0xf3, 0xf0, 0xd8, 0xfc, 0x0f, 0x09, 0x87, 0x14, 0x15, 0x1d,
  0x90, 0x22, 0x8f, 0x22, 0x75, 0x1e, 0x9c, 0x17, 0x4f, 0x0c, 0x59, 0xff,
  0x52, 0xf2, 0x06, 0xe7, 0xcf, 0xde, 0xb3, 0xda, 0x12, 0xdc, 0x8c, 0xe1,
  0xca, 0xea, 0x49, 0xf7, 0xde, 0x04, 0xc9, 0x11, 0x15, 0x1d, 0xee, 0x23,
  0xab, 0x26, 0xee, 0x23, 0x16, 0x1d, 0xca, 0x11, 0xb2, 0x04, 0xf1, 0xf6,
  0xc3, 0xe9, 0x2e, 0xe0, 0xb3, 0xda, 0x55, 0xd9, 0x70, 0xdd, 0xa7, 0xe5,
  0xa3, 0xf1, 0x85, 0xff, 0xff, 0x0c, 0xfa, 0x18, 0x31, 0x21, 0x4c, 0x25,
  0x4c, 0x25, 0xd3, 0x1f, 0x3d, 0x16, 0xbe, 0x09, 0x55, 0xfc, 0x95, 0xef,
  0x49, 0xe4, 0x70, 0xdd, 0xb3, 0xda, 0x70, 0xdd, 0xeb, 0xe2, 0x36, 0xee,
  0x5d, 0xfa, 0x59, 0x07, 0xd7, 0x13, 0x16, 0x1d, 0x90, 0x22, 0xee, 0x23,
  0xd3, 0x1f, 0x9b, 0x17, 0xae, 0x0d, 0x7c, 0x01, 0x0f, 0xf5, 0xca, 0xea,
  0xea, 0xe2, 0xcf, 0xde, 0x2e, 0xe0, 0x49, 0xe4, 0x28, 0xec, 0x99, 0xf6,
  0x2b, 0x02, 0x00, 0x0d, 0x3d, 0x16, 0xb7, 0x1b, 0x74, 0x1e, 0x15, 0x1d,
  0x9c, 0x17, 0x0c, 0x0f, 0x4b, 0x05, 0xf6, 0xfa, 0xa3, 0xf1, 0xc3, 0xe9,
  0xa7, 0xe5, 0xa8, 0xe5, 0x65, 0xe8, 0x87, 0xed, 0x0f, 0xf5, 0x2c, 0xfe,
  0x02, 0x07, 0x5e, 0x0e, 0xd8, 0x13, 0x3e, 0x16, 0x3d, 0x16, 0x29, 0x13,
  0xaf, 0x0d, 0xa9, 0x06, 0x2d, 0xff, 0x4f, 0xf8, 0x52, 0xf2, 0xe6, 0xee,
  0x87, 0xed, 0xe6, 0xee, 0x51, 0xf2, 0xf1, 0xf6, 0x81, 0xfc, 0x57, 0x02,
  0x59, 0x07, 0xf1, 0x0a, 0xff, 0x0c, 0xaf, 0x0d, 0xa1, 0x0b, 0x0f, 0x09,
  0x4c, 0x05, 0x0e, 0x01, 0x30, 0xfd, 0x05, 0xfa, 0x4f, 0xf8, 0x49, 0xf7,
  0xf8, 0xf7, 0x55, 0xf9, 0x7a, 0xfb, 0xbe, 0xfd, 0x0b, 0x00, 0xea, 0x01,
  0x28, 0x03, 0x7f, 0x03, 0x53, 0x03, 0xa4, 0x02, 0xbe, 0x01, 0xde, 0x00,
  0x31, 0x00, 0xea, 0xff, 0x10, 0x00, 0x90, 0x00, 0x51, 0x01, 0x00, 0x02,
  0x79, 0x02, 0x78, 0x02, 0xd4, 0x01, 0x9c, 0x00, 0xdb, 0xfe, 0xd8, 0xfc,
  0xf6, 0xfa, 0x56, 0xf9, 0xa7, 0xf8, 0xa7, 0xf8, 0x06, 0xfa, 0x81, 0xfc,
  0xb4, 0xff, 0x54, 0x03, 0x01, 0x07, 0x16, 0x0a, 0x4f, 0x0c, 0x50, 0x0c,
  0xf1, 0x0a, 0x60, 0x08, 0x02, 0x04, 0xc5, 0xfe, 0x57, 0xf9, 0x60, 0xf4,
  0xf3, 0xf0, 0xe6, 0xee, 0xe5, 0xee, 0xa2, 0xf1, 0x9a, 0xf6, 0xd8, 0xfc,
  0xd7, 0x03, 0xf1, 0x0a, 0x6b, 0x10, 0x87, 0x14, 0x3c, 0x16, 0x87, 0x14,
  0xbc, 0x0f, 0x67, 0x09, 0x50, 0x01, 0xa7, 0xf8, 0xf3, 0xf0, 0xc4, 0xe9,
  0x07, 0xe7, 0xa7, 0xe5, 0xc3, 0xe9, 0xe6, 0xee, 0xa0, 0xf7, 0x7d, 0x01,
  0xa0, 0x0b, 0xd7, 0x13, 0x58, 0x1a, 0x16, 0x1d, 0x16, 0x1d, 0x9c, 0x17,
  0x6b, 0x10, 0xfb, 0x05, 0xb4, 0xfa, 0x44, 0xf0, 0x06, 0xe7, 0x8c, 0xe1,
  0xcf, 0xde, 0x8c, 0xe1, 0x64, 0xe8, 0xa2, 0xf1, 0x04, 0xfd, 0x67, 0x09,
  0x87, 0x14, 0x15, 0x1d, 0x8f, 0x22, 0x8f, 0x22, 0x74, 0x1e, 0x9b, 0x17,
  0xa0, 0x0b, 0x22, 0xff, 0x52, 0xf2, 0x07, 0xe7, 0xcf, 0xde, 0xb3, 0xda,
  0x11, 0xdc, 0x8b, 0xe1, 0x79, 0xeb, 0xa0, 0xf7, 0x0a, 0x05, 0xca, 0x11,
  0x15, 0x1d, 0xef, 0x23, 0xaa, 0x26, 0xee, 0x23, 0x15, 0x1d, 0xc9, 0x11,
  0x86, 0x04, 0x99, 0xf6, 0xc3, 0xe9, 0x2d, 0xe0, 0xb4, 0xda, 0x55, 0xd9,
  0x71, 0xdd, 0xa7, 0xe5, 0x52, 0xf2, 0xbe, 0xff, 0xae, 0x0d, 0xfa, 0x18,
  0x31, 0x21, 0x4d, 0x25, 0x4d, 0x25, 0xd3, 0x1f, 0x3d, 0x16, 0xbf, 0x09,
  0xfd, 0xfb, 0xe5, 0xee, 0x49, 0xe4, 0x70, 0xdd, 0xb3, 0xda, 0x70, 0xdd,
  0x49, 0xe4, 0x36, 0xee, 0xb5, 0xfa, 0xb1, 0x07, 0xd7, 0x13, 0x16, 0x1d,
  0x90, 0x22, 0xee, 0x23, 0xd2, 0x1f, 0x9c, 0x17, 0xae, 0x0d, 0x50, 0x01,
  0x0f, 0xf5, 0xca, 0xea, 0xea, 0xe2, 0xcf, 0xde, 0x2e, 0xe0, 0x4a, 0xe4,
  0x28, 0xec, 0xf0, 0xf6, 0x42, 0x02, 0xff, 0x0c, 0x3d, 0x16, 0xb7, 0x1b,
  0x74, 0x1e, 0x15, 0x1d, 0x9b, 0x17, 0x0d, 0x0f, 0x09, 0x05, 0xb5, 0xfa,
  0xa3, 0xf1, 0xc3, 0xe9, 0xa8, 0xe5, 0xa8, 0xe5, 0x65, 0xe8, 0x87, 0xed,
  0x92, 0xf5, 0x42, 0xfe, 0x01, 0x07, 0x5d, 0x0e, 0xd8, 0x13, 0x3d, 0x16,
  0x3d, 0x16, 0x28, 0x13, 0xaf, 0x0d, 0xa9, 0x06, 0x22, 0xff, 0x4f, 0xf8,
  0x52, 0xf2, 0xe5, 0xee, 0x87, 0xed, 0xe5, 0xee, 0x51, 0xf2, 0xf1, 0xf6,
  0xad, 0xfc, 0x58, 0x02, 0x59, 0x07, 0xf1, 0x0a, 0xff, 0x0c, 0xae, 0x0d,
  0xa0, 0x0b, 0x0f, 0x09, 0x4b, 0x05, 0x0e, 0x01, 0x30, 0xfd, 0x05, 0xfa,
  0x50, 0xf8, 0x49, 0xf7, 0xf8, 0xf7, 0x56, 0xf9, 0x7a, 0xfb, 0xd4, 0xfd,
  0x0a, 0x00, 0xd4, 0x01, 0xfb, 0x02, 0x7f, 0x03, 0x53, 0x03, 0xa4, 0x02,
  0xbf, 0x01, 0xde, 0x00, 0x36, 0x00, 0xf0, 0xff, 0x1b, 0x00, 0xa7, 0x00,
  0x67, 0x01, 0x16, 0x02, 0x78, 0x02, 0x79, 0x02, 0xd4, 0x01, 0x91, 0x00,
  0xc5, 0xfe, 0xd9, 0xfc, 0xb5, 0xfa, 0x56, 0xf9, 0xa7, 0xf8, 0xa7, 0xf8,
  0x05, 0xfa, 0x81, 0xfc, 0xcf, 0xff, 0x7f, 0x03, 0x01, 0x07, 0x17, 0x0a,
  0x50, 0x0c, 0x50, 0x0c, 0xf1, 0x0a, 0x08, 0x08, 0xd7, 0x03, 0x99, 0xfe,
  0x56, 0xf9, 0x60, 0xf4, 0xf3, 0xf0, 0xe6, 0xee, 0xe6, 0xee, 0xa2, 0xf1,
  0x99, 0xf6, 0xd9, 0xfc, 0x03, 0x04, 0xf2, 0x0a, 0x6b, 0x10, 0x87, 0x14,
  0x3d, 0x16, 0x87, 0x14, 0xbc, 0x0f, 0x67, 0x09, 0x25, 0x01, 0xa7, 0xf8,
  0x44, 0xf0, 0xc3, 0xe9, 0x06, 0xe7, 0xa7, 0xe5, 0xc3, 0xe9, 0x95, 0xef,
  0xf8, 0xf7, 0xa8, 0x01, 0xa1, 0x0b, 0x87, 0x14, 0x58, 0x1a, 0x15, 0x1d,
  0x15, 0x1d, 0x9b, 0x17, 0xbc, 0x0f, 0xfa, 0x05, 0xb5, 0xfa, 0x94, 0xef,
  0x06, 0xe7, 0x8c, 0xe1, 0xcf, 0xde, 0x8c, 0xe1, 0x64, 0xe8, 0xa3, 0xf1,
  0x30, 0xfd, 0x67, 0x09, 0x87, 0x14, 0x16, 0x1d, 0x8f, 0x22, 0x90, 0x22,
  0x74, 0x1e, 0x3d, 0x16, 0xa0, 0x0b, 0xdb, 0xfe, 0x52, 0xf2, 0x06, 0xe7,
  0xcf, 0xde, 0xb3, 0xda, 0x11, 0xdc, 0x8c, 0xe1, 0x79, 0xeb, 0xa0, 0xf7,
  0x4c, 0x05, 0x79, 0x12, 0x15, 0x1d, 0xef, 0x23, 0xaa, 0x26, 0xed, 0x23,
  0xb7, 0x1b, 0x1a, 0x11, 0x2e, 0x04, 0x9a, 0xf6, 0xc2, 0xe9, 0x2e, 0xe0,
  0xb3, 0xda, 0x55, 0xd9, 0x70, 0xdd, 0x06, 0xe7, 0x52, 0xf2, 0xef, 0xff,
  0xae, 0x0d, 0xfa, 0x18, 0x31, 0x21, 0x4c, 0x25, 0x4c, 0x25, 0xd3, 0x1f,
  0x3d, 0x16, 0x67, 0x09, 0xd1, 0xfb, 0xe6, 0xee, 0x49, 0xe4, 0x70, 0xdd,
  0xb4, 0xda, 0x70, 0xdd, 0x49, 0xe4, 0x36, 0xee, 0xb4, 0xfa, 0x08, 0x08,
  0xd8, 0x13, 0x15, 0x1d, 0x8f, 0x22, 0xee, 0x23, 0xd3, 0x1f, 0x9c, 0x17,
  0xff, 0x0c, 0x0e, 0x01, 0x0f, 0xf5, 0xc3, 0xe9, 0xeb, 0xe2, 0xcf, 0xde,
  0x2e, 0xe0, 0x49, 0xe4, 0x28, 0xec, 0xf1, 0xf6, 0x79, 0x02, 0xff, 0x0c,
  0x3d, 0x16, 0xb7, 0x1b, 0x74, 0x1e, 0x15, 0x1d, 0x9c, 0x17, 0x0c, 0x0f,
  0xde, 0x04, 0xb5, 0xfa, 0xa3, 0xf1, 0xc3, 0xe9, 0xa7, 0xe5, 0xa7, 0xe5,
  0x64, 0xe8, 0x87, 0xed, 0x92, 0xf5, 0x6e, 0xfe, 0x02, 0x07, 0x5e, 0x0e,
  0xd7, 0x13, 0x3d, 0x16, 0x3d, 0x16, 0x28, 0x13, 0xae, 0x0d, 0x52, 0x06,
  0x0c, 0xff, 0xf8, 0xf7, 0x52, 0xf2, 0xe6, 0xee, 0x88, 0xed, 0xe6, 0xee,
  0x51, 0xf2, 0xf1, 0xf6, 0xad, 0xfc, 0x57, 0x02, 0x59, 0x07, 0xf1, 0x0a,
  0xff, 0x0c, 0x00, 0x0d, 0xa1, 0x0b, 0x0f, 0x09, 0x4b, 0x05, 0x0f, 0x01,
  0x30, 0xfd, 0x5d, 0xfa, 0x4f, 0xf8, 0xa0, 0xf7, 0xf8, 0xf7, 0x57, 0xf9,
  0x7a, 0xfb, 0xd4, 0xfd, 0x05, 0x00, 0xd4, 0x01, 0xfc, 0x02, 0x7e, 0x03,
  0x54, 0x03, 0xa3, 0x02, 0xbe, 0x01, 0xdd, 0x00, 0x41, 0x00, 0x00, 0x00,
  0x2c, 0x00, 0xb2, 0x00, 0x67, 0x01, 0x16, 0x02, 0x78, 0x02, 0x78, 0x02,
  0xbe, 0x01, 0x7b, 0x00, 0xb0, 0xfe, 0xac, 0xfc, 0xb5, 0xfa, 0x56, 0xf9,
  0xa7, 0xf8, 0xa7, 0xf8, 0x05, 0xfa, 0xad, 0xfc, 0xeb, 0xff, 0xab, 0x03,
  0x59, 0x07, 0x16, 0x0a, 0x50, 0x0c, 0x50, 0x0c, 0xf1, 0x0a, 0x08, 0x08,
  0xab, 0x03, 0x84, 0xfe, 0xfe, 0xf8, 0x60, 0xf4, 0x44, 0xf0, 0xe6, 0xee,
  0xe6, 0xee, 0xa3, 0xf1, 0x99, 0xf6, 0x04, 0xfd, 0x2e, 0x04, 0xf1, 0x0a,
  0x1a, 0x11, 0x87, 0x14, 0x3d, 0x16, 0x87, 0x14, 0xbb, 0x0f, 0x0f, 0x09,
  0xff, 0x00, 0x4f, 0xf8, 0x44, 0xf0, 0xc4, 0xe9, 0x06, 0xe7, 0xa8, 0xe5,
  0xc3, 0xe9, 0x95, 0xef, 0xf7, 0xf7, 0xeb, 0x01, 0xa1, 0x0b, 0x87, 0x14,
  0x58, 0x1a, 0x15, 0x1d, 0x16, 0x1d, 0x9b, 0x17, 0xbc, 0x0f, 0xa3, 0x05,
  0x5d, 0xfa, 0x95, 0xef, 0x05, 0xe7, 0x8c, 0xe1, 0xce, 0xde, 0x8c, 0xe1,
  0x65, 0xe8, 0xa3, 0xf1, 0x88, 0xfd, 0xbe, 0x09, 0x87, 0x14, 0x15, 0x1d,
  0x90, 0x22, 0x8f, 0x22, 0x74, 0x1e, 0x3d, 0x16, 0xa0, 0x0b, 0xb0, 0xfe,
  0xa2, 0xf1, 0x06, 0xe7, 0xcf, 0xde, 0xb4, 0xda, 0x12, 0xdc, 0x8c, 0xe1,
  0x79, 0xeb, 0xf8, 0xf7, 0xa3, 0x05, 0x79, 0x12, 0x15, 0x1d, 0xee, 0x23,
  0xab, 0x26, 0xef, 0x23, 0xb7, 0x1b, 0x1a, 0x11, 0x03, 0x04, 0x42, 0xf6,
  0xc3, 0xe9, 0x2e, 0xe0, 0xb3, 0xda, 0x54, 0xd9, 0x70, 0xdd, 0x06, 0xe7,
  0x52, 0xf2, 0x31, 0x00, 0xae, 0x0d, 0xfa, 0x18, 0x8f, 0x22, 0xab, 0x26,
  0x4d, 0x25, 0xd2, 0x1f, 0x3d, 0x16, 0x0f, 0x09, 0xa6, 0xfb, 0xe6, 0xee,
  0x49, 0xe4, 0x71, 0xdd, 0xb3, 0xda, 0x70, 0xdd, 0x49, 0xe4, 0x37, 0xee,
  0xf7, 0xfa, 0x08, 0x08, 0xd8, 0x13, 0x16, 0x1d, 0x90, 0x22, 0xee, 0x23,
  0xd3, 0x1f, 0x9b, 0x17, 0xff, 0x0c, 0xde, 0x00, 0x0f, 0xf5, 0xc3, 0xe9,
  0xeb, 0xe2, 0xcf, 0xde, 0x2d, 0xe0, 0x49, 0xe4, 0xd8, 0xec, 0x48, 0xf7,
  0xa4, 0x02, 0xae, 0x0d, 0x3d, 0x16, 0xb7, 0x1b, 0x74, 0x1e, 0xb7, 0x1b,
  0x3d, 0x16, 0x5e, 0x0e, 0xb2, 0x04, 0xb5, 0xfa, 0xa3, 0xf1, 0xc3, 0xe9,
  0xa8, 0xe5, 0xa7, 0xe5, 0x64, 0xe8, 0x36, 0xee, 0x92, 0xf5, 0x83, 0xfe,
  0x59, 0x07, 0x5e, 0x0e, 0xd8, 0x13, 0x3d, 0x16, 0x3d, 0x16, 0x79, 0x12,
  0xff, 0x0c, 0x52, 0x06, 0xf1, 0xfe, 0xf8, 0xf7, 0x52, 0xf2, 0xe5, 0xee,
  0x86, 0xed, 0xe5, 0xee, 0x52, 0xf2, 0xf1, 0xf6, 0xac, 0xfc, 0x79, 0x02,
  0x59, 0x07, 0xf2, 0x0a, 0x00, 0x0d, 0xff, 0x0c, 0xa0, 0x0b, 0xb8, 0x08,
  0x0a, 0x05, 0x0f, 0x01, 0x30, 0xfd, 0x5d, 0xfa, 0x4f, 0xf8, 0xa0, 0xf7,
  0xf8, 0xf7, 0x56, 0xf9, 0x7a, 0xfb, 0xd4, 0xfd, 0x05, 0x00, 0xd4, 0x01,
  0xfc, 0x02, 0x53, 0x03, 0x27, 0x03, 0xa4, 0x02, 0xbe, 0x01, 0xdd, 0x00,
  0x42, 0x00, 0x0b, 0x00, 0x3c, 0x00, 0xc8, 0x00, 0x7c, 0x01, 0x2c, 0x02,
  0x79, 0x02, 0x78, 0x02, 0xbe, 0x01, 0x70, 0x00, 0x99, 0xfe, 0xad, 0xfc,
  0xb5, 0xfa, 0x56, 0xf9, 0x4f, 0xf8, 0xa7, 0xf8, 0x5d, 0xfa, 0xac, 0xfc,
  0x00, 0x00, 0xab, 0x03, 0x59, 0x07, 0x6d, 0x0a, 0x50, 0x0c, 0x4f, 0x0c,
  0xf0, 0x0a, 0x08, 0x08, 0xab, 0x03, 0x58, 0xfe, 0xff, 0xf8, 0xb0, 0xf3,
  0x44, 0xf0, 0xe5, 0xee, 0xe5, 0xee, 0x51, 0xf2, 0xf1, 0xf6, 0x31, 0xfd,
  0x5a, 0x04, 0xf1, 0x0a, 0x1a, 0x11, 0x87, 0x14, 0x3e, 0x16, 0xd8, 0x13,
  0xbc, 0x0f, 0x0f, 0x09, 0xc8, 0x00, 0x4f, 0xf8, 0x44, 0xf0, 0xc3, 0xe9,
  0x06, 0xe7, 0xa8, 0xe5, 0xc3, 0xe9, 0x95, 0xef, 0x4f, 0xf8, 0x16, 0x02,
  0xa1, 0x0b, 0x87, 0x14, 0x59, 0x1a, 0x16, 0x1d, 0x15, 0x1d, 0x9b, 0x17,
  0xbc, 0x0f, 0x4b, 0x05, 0x5e, 0xfa, 0x95, 0xef, 0x06, 0xe7, 0x8c, 0xe1,
  0xce, 0xde, 0x8d, 0xe1, 0x64, 0xe8, 0x51, 0xf2, 0xbf, 0xfd, 0xbe, 0x09,
  0x36, 0x15, 0x15, 0x1d, 0x90, 0x22, 0x90, 0x22, 0x74, 0x1e, 0x3e, 0x16,
  0xf1, 0x0a, 0x6e, 0xfe, 0xa3, 0xf1, 0x06, 0xe7, 0xcf, 0xde, 0xb3, 0xda,
  0x12, 0xdc, 0x8c, 0xe1, 0x7a, 0xeb, 0x50, 0xf8, 0xa3, 0x05, 0x79, 0x12,
  0x16, 0x1d, 0xee, 0x23, 0xaa, 0x26, 0xee, 0x23, 0xb7, 0x1b, 0x1b, 0x11,
  0xd7, 0x03, 0xea, 0xf5, 0xc3, 0xe9, 0x2d, 0xe0, 0xb3, 0xda, 0x55, 0xd9,
  0x71, 0xdd, 0x06, 0xe7, 0x01, 0xf3, 0x65, 0x00, 0xae, 0x0d, 0x58, 0x1a,
  0x90, 0x22, 0xab, 0x26, 0x4d, 0x25, 0xd3, 0x1f, 0x36, 0x15, 0x10, 0x09,
  0x7a, 0xfb, 0x36, 0xee, 0x49, 0xe4, 0x71, 0xdd, 0xb3, 0xda, 0x70, 0xdd,
  0x49, 0xe4, 0xe5, 0xee, 0x22, 0xfb, 0x60, 0x08, 0xd7, 0x13, 0x16, 0x1d,
  0x90, 0x22, 0xef, 0x23, 0xd3, 0x1f, 0x9c, 0x17, 0xff, 0x0c, 0xb1, 0x00,
  0x60, 0xf4, 0xc3, 0xe9, 0xeb, 0xe2, 0xce, 0xde, 0x2d, 0xe0, 0x49, 0xe4,
  0xd7, 0xec, 0x48, 0xf7, 0xd0, 0x02, 0xae, 0x0d, 0x3d, 0x16, 0xb7, 0x1b,
  0x74, 0x1e, 0xb7, 0x1b, 0x3d, 0x16, 0x5e, 0x0e, 0xb2, 0x04, 0x5d, 0xfa,
  0xf3, 0xf0, 0xc3, 0xe9, 0xa7, 0xe5, 0xa7, 0xe5, 0x65, 0xe8, 0x37, 0xee,
  0xea, 0xf5, 0xb0, 0xfe, 0x59, 0x07, 0x0d, 0x0f, 0xd7, 0x13, 0x3d, 0x16,
  0x3d, 0x16, 0x79, 0x12, 0xff, 0x0c, 0x52, 0x06, 0xdb, 0xfe, 0xf8, 0xf7,
  0x52, 0xf2, 0xe5, 0xee, 0x87, 0xed, 0xe6, 0xee, 0x52, 0xf2, 0x49, 0xf7,
  0xd8, 0xfc, 0x78, 0x02, 0x59, 0x07, 0xf2, 0x0a, 0xff, 0x0c, 0xff, 0x0c,
  0xa0, 0x0b, 0xb8, 0x08, 0x0a, 0x05, 0xf4, 0x00, 0x30, 0xfd, 0x5d, 0xfa,
  0x50, 0xf8, 0xa0, 0xf7, 0xf8, 0xf7, 0x57, 0xf9, 0xa6, 0xfb, 0xeb, 0xfd,
  0x10, 0x00, 0xd4, 0x01, 0xfc, 0x02, 0x54, 0x03, 0x28, 0x03, 0x78, 0x02,
  0xa8, 0x01, 0xd2, 0x00, 0x3b, 0x00, 0x0b, 0x00, 0x42, 0x00, 0xd3, 0x00,
  0x92, 0x01, 0x42, 0x02, 0xa4, 0x02, 0x79, 0x02, 0xbe, 0x01, 0x70, 0x00,
  0x99, 0xfe, 0x81, 0xfc, 0xb5, 0xfa, 0xff, 0xf8, 0x4f, 0xf8, 0xa7, 0xf8,
  0x06, 0xfa, 0xad, 0xfc, 0x0b, 0x00, 0xd7, 0x03, 0x59, 0x07, 0x6e, 0x0a,
  0x50, 0x0c, 0x4f, 0x0c, 0xf1, 0x0a, 0x09, 0x08, 0x7f, 0x03, 0x43, 0xfe,
  0xa7, 0xf8, 0xb1, 0xf3, 0x44, 0xf0, 0xe6, 0xee, 0xe5, 0xee, 0x52, 0xf2,
  0xf1, 0xf6, 0x2f, 0xfd, 0x5b, 0x04, 0xf1, 0x0a, 0x1a, 0x11, 0x87, 0x14,
  0x3d, 0x16, 0x87, 0x14, 0xbc, 0x0f, 0x0f, 0x09, 0xbd, 0x00, 0xf8, 0xf7,
  0x44, 0xf0, 0xc3, 0xe9, 0x06, 0xe7, 0xa7, 0xe5, 0xc3, 0xe9, 0x95, 0xef,
  0x4f, 0xf8, 0x2c, 0x02, 0x50, 0x0c, 0x87, 0x14, 0x58, 0x1a, 0x16, 0x1d,
  0x15, 0x1d, 0x9c, 0x17, 0xbb, 0x0f, 0x4c, 0x05, 0x06, 0xfa, 0x95, 0xef,
  0x06, 0xe7, 0x8c, 0xe1, 0xcf, 0xde, 0x8c, 0xe1, 0x65, 0xe8, 0x51, 0xf2,
  0xd4, 0xfd, 0x16, 0x0a, 0x36, 0x15, 0x16, 0x1d, 0x90, 0x22, 0x8f, 0x22,
  0x74, 0x1e, 0x3d, 0x16, 0xf1, 0x0a, 0x57, 0xfe, 0xa3, 0xf1, 0x06, 0xe7,
  0xcf, 0xde, 0xb3, 0xda, 0x12, 0xdc, 0x8c, 0xe1, 0x28, 0xec, 0x50, 0xf8,
  0xfb, 0x05, 0x79, 0x12, 0x15, 0x1d, 0xee, 0x23, 0xab, 0x26, 0xee, 0x23,
  0xb6, 0x1b, 0x1b, 0x11, 0xab, 0x03, 0xea, 0xf5, 0xc3, 0xe9, 0x2e, 0xe0,
  0xb3, 0xda, 0x54, 0xd9, 0xcf, 0xde, 0x06, 0xe7, 0x01, 0xf3, 0x91, 0x00,
  0x5d, 0x0e, 0x59, 0x1a, 0x8f, 0x22, 0xab, 0x26, 0x4d, 0x25, 0xd3, 0x1f,
  0x36, 0x15, 0xb7, 0x08, 0x4e, 0xfb, 0x36, 0xee, 0x49, 0xe4, 0x70, 0xdd,
  0xb3, 0xda, 0x70, 0xdd, 0x49, 0xe4, 0xe5, 0xee, 0x7a, 0xfb, 0x60, 0x08,
  0x87, 0x14, 0x16, 0x1d, 0x90, 0x22, 0x90, 0x22, 0xd3, 0x1f, 0x9b, 0x17,
  0xff, 0x0c, 0x86, 0x00, 0x5f, 0xf4, 0xc3, 0xe9, 0xea, 0xe2, 0xcf, 0xde,
  0x2d, 0xe0, 0x49, 0xe4, 0xd8, 0xec, 0xa0, 0xf7, 0xfc, 0x02, 0xae, 0x0d,
  0x3d, 0x16, 0xb7, 0x1b, 0x74, 0x1e, 0xb7, 0x1b, 0x3d, 0x16, 0x5d, 0x0e,
  0x86, 0x04, 0x5d, 0xfa, 0xf3, 0xf0, 0xc3, 0xe9, 0xa7, 0xe5, 0xa7, 0xe5,
  0x64, 0xe8, 0x36, 0xee, 0xea, 0xf5, 0xc5, 0xfe, 0x59, 0x07, 0x0d, 0x0f,
  0xd7, 0x13, 0x3d, 0x16, 0x3d, 0x16, 0x79, 0x12, 0xff, 0x0c, 0xfb, 0x05,
  0xc6, 0xfe, 0xf8, 0xf7, 0x52, 0xf2, 0xe6, 0xee, 0x87, 0xed, 0xe5, 0xee,
  0x52, 0xf2, 0x48, 0xf7, 0xd8, 0xfc, 0xa4, 0x02, 0xb1, 0x07, 0xf1, 0x0a,
  0xff, 0x0c, 0xff, 0x0c, 0xa0, 0x0b, 0xb8, 0x08, 0xde, 0x04, 0xe8, 0x00,
  0x30, 0xfd, 0x06, 0xfa, 0x4f, 0xf8, 0xa0, 0xf7, 0xf8, 0xf7, 0x56, 0xf9,
  0xa5, 0xfb, 0xea, 0xfd, 0x16, 0x00, 0xd4, 0x01, 0xfc, 0x02, 0x54, 0x03,
  0x27, 0x03, 0x79, 0x02, 0xa8, 0x01, 0xd3, 0x00, 0x3c, 0x00, 0x04, 0x00,
  0x3d, 0x00, 0xc8, 0x00, 0x7c, 0x01, 0x2c, 0x02, 0xa5, 0x02, 0x79, 0x02,
  0xbe, 0x01, 0x65, 0x00, 0x99, 0xfe, 0x81, 0xfc, 0xb5, 0xfa, 0xfe, 0xf8,
  0x4f, 0xf8, 0xa7, 0xf8, 0x5d, 0xfa, 0xad, 0xfc, 0x16, 0x00, 0xd7, 0x03,
  0x59, 0x07, 0x6e, 0x0a, 0x4f, 0x0c, 0x50, 0x0c, 0xf1, 0x0a, 0x08, 0x08,
  0x7f, 0x03, 0x2b, 0xfe, 0xa7, 0xf8, 0xb1, 0xf3, 0x44, 0xf0, 0xe5, 0xee,
  0xe5, 0xee, 0x52, 0xf2, 0xf1, 0xf6, 0x5c, 0xfd, 0x86, 0x04, 0xa1, 0x0b,
  0x1a, 0x11, 0x87, 0x14, 0x3e, 0x16, 0xd8, 0x13, 0xbc, 0x0f, 0xb8, 0x08,
  0x91, 0x00, 0xf8, 0xf7, 0x44, 0xf0, 0xc3, 0xe9, 0x06, 0xe7, 0xa8, 0xe5,
  0xc3, 0xe9, 0x95, 0xef, 0x50, 0xf8, 0x58, 0x02, 0x50, 0x0c, 0x87, 0x14,
  0x59, 0x1a, 0x15, 0x1d, 0x16, 0x1d, 0x9c, 0x17, 0xbc, 0x0f, 0x4b, 0x05,
  0x05, 0xfa, 0x95, 0xef, 0x05, 0xe7, 0x8c, 0xe1, 0xd0, 0xde, 0x8c, 0xe1,
  0x64, 0xe8, 0x52, 0xf2, 0x00, 0xfe, 0x16, 0x0a, 0x36, 0x15, 0x15, 0x1d,
  0x8f, 0x22, 0x8f, 0x22, 0x74, 0x1e, 0x3d, 0x16, 0xf1, 0x0a, 0x16, 0xfe,
  0xa2, 0xf1, 0x06, 0xe7, 0xcf, 0xde, 0xb3, 0xda, 0x12, 0xdc, 0xea, 0xe2,
  0x28, 0xec, 0xa6, 0xf8, 0xfb, 0x05, 0x28, 0x13, 0x15, 0x1d, 0xee, 0x23,
  0xab, 0x26, 0x90, 0x22, 0xb7, 0x1b, 0x6b, 0x10, 0x7f, 0x03, 0x92, 0xf5,
  0xc3, 0xe9, 0x2e, 0xe0, 0xb4, 0xda, 0x56, 0xd9, 0xd0, 0xde, 0x06, 0xe7,
  0x01, 0xf3, 0xbd, 0x00, 0x5d, 0x0e, 0x58, 0x1a, 0x8f, 0x22, 0xab, 0x26,
  0x4c, 0x25, 0x74, 0x1e, 0x36, 0x15, 0xb8, 0x08, 0x22, 0xfb, 0x36, 0xee,
  0x49, 0xe4, 0x71, 0xdd, 0xb4, 0xda, 0x71, 0xdd, 0x49, 0xe4, 0xe5, 0xee,
  0x7a, 0xfb, 0xb8, 0x08, 0x87, 0x14, 0x15, 0x1d, 0x8f, 0x22, 0x90, 0x22,
  0xd3, 0x1f, 0x9b, 0x17, 0x4f, 0x0c, 0x65, 0x00, 0x5f, 0xf4, 0xc3, 0xe9,
  0xeb, 0xe2, 0xcf, 0xde, 0x2d, 0xe0, 0x49, 0xe4, 0xd8, 0xec, 0x9f, 0xf7,
  0x28, 0x03, 0xae, 0x0d, 0x3d, 0x16, 0xb7, 0x1b, 0x74, 0x1e, 0xb7, 0x1b,
  0x3d, 0x16, 0x5d, 0x0e, 0x5a, 0x04, 0x06, 0xfa, 0xf3, 0xf0, 0xc3, 0xe9,
  0xa8, 0xe5, 0xa8, 0xe5, 0x64, 0xe8, 0x36, 0xee, 0xea, 0xf5, 0xf1, 0xfe,
  0xb1, 0x07, 0x0c, 0x0f, 0xd8, 0x13, 0x3d, 0x16, 0x3d, 0x16, 0x79, 0x12,
  0xff, 0x0c, 0xfa, 0x05, 0xaf, 0xfe, 0xa0, 0xf7, 0x52, 0xf2, 0xe6, 0xee,
  0x88, 0xed, 0xe5, 0xee, 0x52, 0xf2, 0x49, 0xf7, 0x04, 0xfd, 0xa4, 0x02,
  0xb0, 0x07, 0xf1, 0x0a, 0xff, 0x0c, 0xff, 0x0c, 0xa0, 0x0b, 0xb8, 0x08,
  0xde, 0x04, 0xd3, 0x00, 0x05, 0xfd, 0x05, 0xfa, 0x4f, 0xf8, 0xa0, 0xf7,
  0xf8, 0xf7, 0xae, 0xf9, 0xa6, 0xfb, 0xea, 0xfd, 0x21, 0x00, 0xd3, 0x01,
  0xfc, 0x02, 0x53, 0x03, 0x28, 0x03, 0x78, 0x02, 0x92, 0x01, 0xc7, 0x00,
  0x31, 0x00, 0x00, 0x00, 0x3c, 0x00, 0xd2, 0x00, 0x92, 0x01, 0x42, 0x02,
  0xa5, 0x02, 0x79, 0x02, 0xbe, 0x01, 0x65, 0x00, 0x99, 0xfe, 0x81, 0xfc,
  0xb5, 0xfa, 0xff, 0xf8, 0x4f, 0xf8, 0xa7, 0xf8, 0x5d, 0xfa, 0xd8, 0xfc,
  0x21, 0x00, 0xd7, 0x03, 0x5a, 0x07, 0x6d, 0x0a, 0x4f, 0x0c, 0x4f, 0x0c,
  0xf1, 0x0a, 0x08, 0x08, 0x80, 0x03, 0x2c, 0xfe, 0xa7, 0xf8, 0xb0, 0xf3,
  0x44, 0xf0, 0xe6, 0xee, 0xe6, 0xee, 0x52, 0xf2, 0xf1, 0xf6, 0x87, 0xfd,
  0x86, 0x04, 0xa1, 0x0b, 0x1a, 0x11, 0x87, 0x14, 0x3e, 0x16, 0xd8, 0x13,
  0xbc, 0x0f, 0xb7, 0x08, 0x7c, 0x00, 0xf8, 0xf7, 0x95, 0xef, 0xc3, 0xe9,
  0x06, 0xe7, 0xa8, 0xe5, 0xc3, 0xe9, 0x44, 0xf0, 0xa7, 0xf8, 0x78, 0x02,
  0x50, 0x0c, 0x87, 0x14, 0x58, 0x1a, 0x16, 0x1d, 0xb7, 0x1b, 0x9c, 0x17,
  0x0d, 0x0f, 0x09, 0x05, 0xae, 0xf9, 0xe6, 0xee, 0x06, 0xe7, 0x8c, 0xe1,
  0xcf, 0xde, 0x8c, 0xe1, 0x65, 0xe8, 0x51, 0xf2, 0x2c, 0xfe, 0x6e, 0x0a,
  0x36, 0x15, 0x74, 0x1e, 0x90, 0x22, 0x90, 0x22, 0x74, 0x1e, 0x3d, 0x16,
  0xf1, 0x0a, 0xeb, 0xfd, 0xf3, 0xf0, 0xa7, 0xe5, 0xd0, 0xde, 0xb3, 0xda,
  0x12, 0xdc, 0xea, 0xe2, 0x28, 0xec, 0xa8, 0xf8, 0x53, 0x06, 0x28, 0x13,
  0x16, 0x1d, 0xef, 0x23, 0xab, 0x26, 0x8f, 0x22, 0xb7, 0x1b, 0x6b, 0x10,
  0x27, 0x03, 0x92, 0xf5, 0x65, 0xe8, 0x2e, 0xe0, 0xb3, 0xda, 0x55, 0xd9,
  0xcf, 0xde, 0x06, 0xe7, 0x01, 0xf3, 0xfe, 0x00, 0x5d, 0x0e, 0x59, 0x1a,
  0x8f, 0x22, 0xab, 0x26, 0x4d, 0x25, 0x74, 0x1e, 0x36, 0x15, 0x60, 0x08,
  0xb5, 0xfa, 0x36, 0xee, 0xeb, 0xe2, 0x71, 0xdd, 0xb3, 0xda, 0x71, 0xdd,
  0x49, 0xe4, 0xe6, 0xee, 0xd2, 0xfb, 0xb7, 0x08, 0x87, 0x14, 0x16, 0x1d,
  0x90, 0x22, 0x8f, 0x22, 0xd3, 0x1f, 0x9b, 0x17, 0x50, 0x0c, 0x26, 0x00,
  0x5f, 0xf4, 0xc3, 0xe9, 0xea, 0xe2, 0xcf, 0xde, 0x2e, 0xe0, 0x49, 0xe4,
  0x87, 0xed, 0xf8, 0xf7, 0x54, 0x03, 0x5d, 0x0e, 0x3d, 0x16, 0xb7, 0x1b,
  0x74, 0x1e, 0xb7, 0x1b, 0x3d, 0x16, 0x5d, 0x0e, 0x2f, 0x04, 0x05, 0xfa,
  0xf3, 0xf0, 0xc3, 0xe9, 0xa7, 0xe5, 0xa8, 0xe5, 0x64, 0xe8, 0x36, 0xee,
  0x42, 0xf6, 0x17, 0xff, 0xb1, 0x07, 0x0d, 0x0f, 0xd8, 0x13, 0x3d, 0x16,
  0x3d, 0x16, 0x79, 0x12, 0xff, 0x0c, 0xfa, 0x05, 0x83, 0xfe, 0xa0, 0xf7,
  0x52, 0xf2, 0xe6, 0xee, 0x87, 0xed, 0xe5, 0xee, 0x52, 0xf2, 0xa0, 0xf7,
  0x30, 0xfd, 0xd0, 0x02, 0xb0, 0x07, 0xf1, 0x0a, 0xff, 0x0c, 0xff, 0x0c,
  0xa0, 0x0b, 0x61, 0x08, 0xb2, 0x04, 0xb2, 0x00, 0x04, 0xfd, 0x06, 0xfa,
  0x4f, 0xf8, 0xa0, 0xf7, 0x50, 0xf8, 0xae, 0xf9, 0xd1, 0xfb, 0x16, 0xfe,
  0x37, 0x00, 0xea, 0x01, 0xfc, 0x02, 0x53, 0x03, 0x28, 0x03, 0x78, 0x02,
  0x92, 0x01, 0xbd, 0x00, 0x26, 0x00, 0xfb, 0xff, 0x3c, 0x00, 0xd3, 0x00,
  0x93, 0x01, 0x42, 0x02, 0xa4, 0x02, 0x78, 0x02, 0xbe, 0x01, 0x66, 0x00,
  0x99, 0xfe, 0x81, 0xfc, 0xb5, 0xfa, 0xfe, 0xf8, 0x50, 0xf8, 0xa7, 0xf8,
  0x5d, 0xfa, 0xd9, 0xfc, 0x26, 0x00, 0xd6, 0x03, 0xb1, 0x07, 0x6d, 0x0a,
  0x4f, 0x0c, 0x50, 0x0c, 0xf1, 0x0a, 0x08, 0x08, 0x54, 0x03, 0x16, 0xfe,
  0xa7, 0xf8, 0xb0, 0xf3, 0x45, 0xf0, 0xe5, 0xee, 0xe6, 0xee, 0x52, 0xf2,
  0xf1, 0xf6, 0x88, 0xfd, 0xb2, 0x04, 0xa1, 0x0b, 0x1b, 0x11, 0x87, 0x14,
  0x3d, 0x16, 0xd8, 0x13, 0xbc, 0x0f, 0xb7, 0x08, 0x5a, 0x00, 0xa0, 0xf7,
  0x94, 0xef, 0xc3, 0xe9, 0x06, 0xe7, 0xa7, 0xe5, 0xc3, 0xe9, 0x44, 0xf0,
  0xa7, 0xf8, 0xa4, 0x02, 0x50, 0x0c, 0x36, 0x15, 0x59, 0x1a, 0x15, 0x1d,
  0xb7, 0x1b, 0x9b, 0x17, 0x0d, 0x0f, 0xde, 0x04, 0xae, 0xf9, 0xe6, 0xee,
  0xa7, 0xe5, 0x2e, 0xe0, 0xcf, 0xde, 0x8b, 0xe1, 0x65, 0xe8, 0x52, 0xf2,
  0x6d, 0xfe, 0xf1, 0x0a, 0x3d, 0x16, 0x74, 0x1e, 0x90, 0x22, 0x8f, 0x22,
  0x74, 0x1e, 0x3d, 0x16, 0x6e, 0x0a, 0xa9, 0xfd, 0xf4, 0xf0, 0xa7, 0xe5,
  0xcf, 0xde, 0xb3, 0xda, 0x12, 0xdc, 0xeb, 0xe2, 0x28, 0xec, 0xff, 0xf8,
  0xaa, 0x06, 0x28, 0x13, 0x16, 0x1d, 0xef, 0x23, 0xac, 0x26, 0x90, 0x22,
  0xb6, 0x1b, 0x6b, 0x10, 0xfc, 0x02, 0x0f, 0xf5, 0x65, 0xe8, 0xcf, 0xde,
  0xb4, 0xda, 0x55, 0xd9, 0xd0, 0xde, 0x06, 0xe7, 0xb0, 0xf3, 0x3a, 0x01,
  0x0c, 0x0f, 0x59, 0x1a, 0x90, 0x22, 0xab, 0x26, 0x4d, 0x25, 0x74, 0x1e,
  0x87, 0x14, 0x08, 0x08, 0xb5, 0xfa, 0x87, 0xed, 0xea, 0xe2, 0x70, 0xdd,
  0xb4, 0xda, 0x70, 0xdd, 0x48, 0xe4, 0x95, 0xef, 0xfd, 0xfb, 0x0f, 0x09,
  0x87, 0x14, 0x16, 0x1d, 0x90, 0x22, 0x90, 0x22, 0x73, 0x1e, 0x9b, 0x17,
  0x50, 0x0c, 0xf0, 0xff, 0xb0, 0xf3, 0xc3, 0xe9, 0xeb, 0xe2, 0xcf, 0xde,
  0x2d, 0xe0, 0xa8, 0xe5, 0x87, 0xed, 0xf7, 0xf7, 0x7f, 0x03, 0x5d, 0x0e,
  0x3d, 0x16, 0xb7, 0x1b, 0x74, 0x1e, 0xb7, 0x1b, 0x3d, 0x16, 0xae, 0x0d,
  0x03, 0x04, 0xae, 0xf9, 0xf4, 0xf0, 0xc3, 0xe9, 0xa8, 0xe5, 0xa7, 0xe5,
  0x65, 0xe8, 0x36, 0xee, 0x42, 0xf6, 0x44, 0xff, 0xb1, 0x07, 0x0c, 0x0f,
  0xd8, 0x13, 0x3d, 0x16, 0x3d, 0x16, 0x79, 0x12, 0xff, 0x0c, 0xa3, 0x05,
  0x58, 0xfe, 0xa0, 0xf7, 0x52, 0xf2, 0xe5, 0xee, 0x37, 0xee, 0x95, 0xef,
  0x01, 0xf3, 0xa0, 0xf7, 0x5c, 0xfd, 0xd0, 0x02, 0xb1, 0x07, 0xf2, 0x0a,
  0xff, 0x0c, 0xff, 0x0c, 0xa0, 0x0b, 0x60, 0x08, 0xb2, 0x04, 0x9c, 0x00,
  0x05, 0xfd, 0x05, 0xfa, 0x50, 0xf8, 0xa0, 0xf7, 0x4f, 0xf8, 0xae, 0xf9,
  0xd2, 0xfb, 0x16, 0xfe, 0x42, 0x00, 0xea, 0x01, 0xfc, 0x02, 0x53, 0x03,
  0xfc, 0x02, 0x57, 0x02, 0x7d, 0x01, 0xa7, 0x00, 0x1b, 0x00, 0xf5, 0xff,
  0x42, 0x00, 0xde, 0x00, 0xa9, 0x01, 0x57, 0x02, 0xa4, 0x02, 0xa4, 0x02,
  0xd4, 0x01, 0x65, 0x00, 0x83, 0xfe, 0x81, 0xfc, 0x5d, 0xfa, 0xfe, 0xf8,
  0x50, 0xf8, 0xa7, 0xf8, 0x5d, 0xfa, 0xd8, 0xfc, 0x31, 0x00, 0x02, 0x04,
  0xb1, 0x07, 0x6e, 0x0a, 0x4f, 0x0c, 0x50, 0x0c, 0xf1, 0x0a, 0x08, 0x08,
  0x54, 0x03, 0x00, 0xfe, 0xa6, 0xf8, 0xb1, 0xf3, 0x43, 0xf0, 0x37, 0xee,
  0xe5, 0xee, 0x52, 0xf2, 0x49, 0xf7, 0xa8, 0xfd, 0xb2, 0x04, 0xa0, 0x0b,
  0x1a, 0x11, 0x36, 0x15, 0x3d, 0x16, 0xd8, 0x13, 0xbc, 0x0f, 0xb8, 0x08,
  0x3c, 0x00, 0xa0, 0xf7, 0x95, 0xef, 0xc3, 0xe9, 0xa7, 0xe5, 0xa8, 0xe5,
  0xc3, 0xe9, 0x44, 0xf0, 0xa7, 0xf8, 0xd0, 0x02, 0x50, 0x0c, 0x36, 0x15,
  0xb7, 0x1b, 0x16, 0x1d, 0xb7, 0x1b, 0x9b, 0x17, 0x0d, 0x0f, 0xb2, 0x04,
  0x56, 0xf9, 0xe6, 0xee, 0xa8, 0xe5, 0x2d, 0xe0, 0xcf, 0xde, 0x8b, 0xe1,
  0x65, 0xe8, 0x01, 0xf3, 0x9a, 0xfe, 0xf1, 0x0a, 0x3e, 0x16, 0x74, 0x1e,
  0x8f, 0x22, 0x8f, 0x22, 0x74, 0x1e, 0x3d, 0x16, 0x6e, 0x0a, 0x88, 0xfd,
  0xf3, 0xf0, 0xa7, 0xe5, 0xcf, 0xde, 0xb4, 0xda, 0x12, 0xdc, 0xeb, 0xe2,
  0xd8, 0xec, 0xfe, 0xf8, 0xaa, 0x06, 0x29, 0x13, 0x15, 0x1d, 0xee, 0x23,
  0xab, 0x26, 0x90, 0x22, 0xb7, 0x1b, 0x6b, 0x10, 0xd0, 0x02, 0x0e, 0xf5,
  0x64, 0xe8, 0xcf, 0xde, 0xb4, 0xda, 0x55, 0xd9, 0xcf, 0xde, 0x06, 0xe7,
  0xb1, 0xf3, 0x66, 0x01, 0x0d, 0x0f, 0x58, 0x1a, 0x8f, 0x22, 0xac, 0x26,
  0x4c, 0x25, 0x74, 0x1e, 0x87, 0x14, 0x09, 0x08, 0x5d, 0xfa, 0x87, 0xed,
  0xeb, 0xe2, 0x70, 0xdd, 0xb3, 0xda, 0x70, 0xdd, 0x49, 0xe4, 0x95, 0xef,
  0x29, 0xfc, 0x67, 0x09, 0x36, 0x15, 0x15, 0x1d, 0x90, 0x22, 0x8f, 0x22,
  0x74, 0x1e, 0x3d, 0x16, 0x4f, 0x0c, 0xb9, 0xff, 0xb0, 0xf3, 0xc3, 0xe9,
  0xeb, 0xe2, 0xcf, 0xde, 0x2d, 0xe0, 0xa7, 0xe5, 0x87, 0xed, 0x4f, 0xf8,
  0xab, 0x03, 0x5e, 0x0e, 0x9c, 0x17, 0xb7, 0x1b, 0x74, 0x1e, 0xb7, 0x1b,
  0x3d, 0x16, 0xae, 0x0d, 0xd7, 0x03, 0xad, 0xf9, 0x44, 0xf0, 0xc3, 0xe9,
  0xa7, 0xe5, 0xa7, 0xe5, 0x64, 0xe8, 0xe6, 0xee, 0x99, 0xf6, 0x6f, 0xff,
  0x08, 0x08, 0x0c, 0x0f, 0xd7, 0x13, 0x3c, 0x16, 0x3d, 0x16, 0x79, 0x12,
  0x50, 0x0c, 0xa3, 0x05, 0x42, 0xfe, 0xa1, 0xf7, 0x52, 0xf2, 0xe5, 0xee,
  0x36, 0xee, 0x95, 0xef, 0x01, 0xf3, 0xa0, 0xf7, 0x5c, 0xfd, 0xfc, 0x02,
  0xb1, 0x07, 0xf1, 0x0a, 0xff, 0x0c, 0xff, 0x0c, 0xa0, 0x0b, 0x60, 0x08,
  0x86, 0x04, 0x91, 0x00, 0xd8, 0xfc, 0x05, 0xfa, 0x4f, 0xf8, 0xa0, 0xf7,
  0x4f, 0xf8, 0xae, 0xf9, 0xd1, 0xfb, 0x2c, 0xfe, 0x47, 0x00, 0xea, 0x01,
  0xfc, 0x02, 0x53, 0x03, 0xfc, 0x02, 0x41, 0x02, 0x66, 0x01, 0x9c, 0x00,
  0x15, 0x00, 0xfb, 0xff, 0x4c, 0x00, 0xf3, 0x00, 0xbe, 0x01, 0x79, 0x02,
  0xd0, 0x02, 0xa4, 0x02, 0xd4, 0x01, 0x65, 0x00, 0x84, 0xfe, 0x55, 0xfc,
  0x5e, 0xfa, 0xff, 0xf8, 0x4f, 0xf8, 0xa7, 0xf8, 0x5d, 0xfa, 0xd9, 0xfc,
  0x3c, 0x00, 0x03, 0x04, 0xb1, 0x07, 0xf0, 0x0a, 0x50, 0x0c, 0x50, 0x0c,
  0xf1, 0x0a, 0xb1, 0x07, 0x53, 0x03, 0xea, 0xfd, 0x4f, 0xf8, 0xb1, 0xf3,
  0x44, 0xf0, 0x36, 0xee, 0xe6, 0xee, 0x51, 0xf2, 0x48, 0xf7, 0xbe, 0xfd,
  0xde, 0x04, 0xa1, 0x0b, 0xca, 0x11, 0x36, 0x15, 0x3d, 0x16, 0xd8, 0x13,
  0x0d, 0x0f, 0x60, 0x08, 0x16, 0x00, 0x48, 0xf7, 0x95, 0xef, 0xc4, 0xe9,
  0xa8, 0xe5, 0xa7, 0xe5, 0xc3, 0xe9, 0x43, 0xf0, 0xff, 0xf8, 0xfc, 0x02,
  0xff, 0x0c, 0x36, 0x15, 0xb8, 0x1b, 0x15, 0x1d, 0xb7, 0x1b, 0x9b, 0x17,
  0x0d, 0x0f, 0x86, 0x04, 0x56, 0xf9, 0xe5, 0xee, 0xa7, 0xe5, 0x2d, 0xe0,
  0xcf, 0xde, 0x8c, 0xe1, 0x65, 0xe8, 0x01, 0xf3, 0xc5, 0xfe, 0xf1, 0x0a,
  0x3d, 0x16, 0x74, 0x1e, 0x8f, 0x22, 0x90, 0x22, 0x74, 0x1e, 0x3d, 0x16,
  0x16, 0x0a, 0x31, 0xfd, 0x44, 0xf0, 0xa7, 0xe5, 0xcf, 0xde, 0xb3, 0xda,
  0x12, 0xdc, 0xea, 0xe2, 0xd8, 0xec, 0x56, 0xf9, 0x01, 0x07, 0xd8, 0x13,
  0x74, 0x1e, 0xee, 0x23, 0xac, 0x26, 0x8f, 0x22, 0xb8, 0x1b, 0xbc, 0x0f,
  0x79, 0x02, 0x0f, 0xf5, 0x64, 0xe8, 0xce, 0xde, 0xb3, 0xda, 0x55, 0xd9,
  0xcf, 0xde, 0x65, 0xe8, 0xb1, 0xf3, 0xa8, 0x01, 0x0d, 0x0f, 0x58, 0x1a,
  0x8f, 0x22, 0xab, 0x26, 0x4c, 0x25, 0x74, 0x1e, 0x87, 0x14, 0xb1, 0x07,
  0x05, 0xfa, 0x87, 0xed, 0xeb, 0xe2, 0x12, 0xdc, 0xb3, 0xda, 0x70, 0xdd,
  0xa7, 0xe5, 0x95, 0xef, 0x81, 0xfc, 0x67, 0x09, 0x36, 0x15, 0x74, 0x1e,
  0x90, 0x22, 0x90, 0x22, 0x74, 0x1e, 0x3c, 0x16, 0xa1, 0x0b, 0x7a, 0xff,
  0xb0, 0xf3, 0xc3, 0xe9, 0x8c, 0xe1, 0xcf, 0xde, 0x2e, 0xe0, 0xa8, 0xe5,
  0x87, 0xed, 0xa7, 0xf8, 0xd7, 0x03, 0x5d, 0x0e, 0x9b, 0x17, 0x15, 0x1d,
  0x74, 0x1e, 0xb7, 0x1b, 0x3e, 0x16, 0xae, 0x0d, 0xab, 0x03, 0x56, 0xf9,
  0x44, 0xf0, 0xc3, 0xe9, 0xa7, 0xe5, 0xa7, 0xe5, 0x64, 0xe8, 0xe5, 0xee,
  0x99, 0xf6, 0x90, 0xff, 0x09, 0x08, 0x0d, 0x0f, 0x87, 0x14, 0x3d, 0x16,
  0x3d, 0x16, 0xca, 0x11, 0x4f, 0x0c, 0x4b, 0x05, 0x16, 0xfe, 0x48, 0xf7,
  0x52, 0xf2, 0xe6, 0xee, 0x35, 0xee, 0x95, 0xef, 0x01, 0xf3, 0xf7, 0xf7,
  0x88, 0xfd, 0xfc, 0x02, 0xb1, 0x07, 0xf1, 0x0a, 0xff, 0x0c, 0xff, 0x0c,
  0xf1, 0x0a, 0x60, 0x08, 0x86, 0x04, 0x86, 0x00, 0xd8, 0xfc, 0x06, 0xfa,
  0x50, 0xf8, 0xa1, 0xf7, 0x4f, 0xf8, 0x06, 0xfa, 0xfd, 0xfb, 0x2c, 0xfe,
  0x4c, 0x00, 0xea, 0x01, 0xfb, 0x02, 0x28, 0x03, 0xfb, 0x02, 0x42, 0x02,
  0x67, 0x01, 0x91, 0x00, 0x16, 0x00, 0x00, 0x00, 0x5a, 0x00, 0xff, 0x00,
  0xbe, 0x01, 0x78, 0x02, 0xd0, 0x02, 0xa4, 0x02, 0xd4, 0x01, 0x5b, 0x00,
  0x6d, 0xfe, 0x55, 0xfc, 0x5d, 0xfa, 0xfe, 0xf8, 0x4f, 0xf8, 0xa6, 0xf8,
  0x5d, 0xfa, 0xd8, 0xfc, 0x52, 0x00, 0x2f, 0x04, 0xb1, 0x07, 0xf1, 0x0a,
  0x50, 0x0c, 0x50, 0x0c, 0xf2, 0x0a, 0xb1, 0x07, 0x27, 0x03, 0xd4, 0xfd,
  0x4f, 0xf8, 0xb0, 0xf3, 0x44, 0xf0, 0x36, 0xee, 0xe6, 0xee, 0x52, 0xf2,
  0x48, 0xf7, 0xd4, 0xfd, 0x0a, 0x05, 0xa0, 0x0b, 0xca, 0x11, 0x36, 0x15,
  0x3d, 0x16, 0xd8, 0x13, 0x0c, 0x0f, 0x60, 0x08, 0xf6, 0xff, 0x49, 0xf7,
  0x95, 0xef, 0xc3, 0xe9, 0xa7, 0xe5, 0xa7, 0xe5, 0xc3, 0xe9, 0x44, 0xf0,
  0xfe, 0xf8, 0x27, 0x03, 0xff, 0x0c, 0x36, 0x15, 0xb7, 0x1b, 0x16, 0x1d,
  0xb7, 0x1b, 0x9c, 0x17, 0x0d, 0x0f, 0x5a, 0x04, 0xff, 0xf8, 0x36, 0xee,
  0xa7, 0xe5, 0x2d, 0xe0, 0xcf, 0xde, 0x8c, 0xe1, 0x65, 0xe8, 0x01, 0xf3,
  0xf0, 0xfe, 0xf1, 0x0a, 0x3d, 0x16, 0x74, 0x1e, 0x8f, 0x22, 0x90, 0x22,
  0x74, 0x1e, 0x36, 0x15, 0x17, 0x0a, 0x04, 0xfd, 0x44, 0xf0, 0xa8, 0xe5,
  0x71, 0xdd, 0xb4, 0xda, 0x12, 0xdc, 0xeb, 0xe2, 0xd8, 0xec, 0xae, 0xf9,
  0x01, 0x07, 0xd7, 0x13, 0x74, 0x1e, 0xee, 0x23, 0xab, 0x26, 0x8f, 0x22,
  0x58, 0x1a, 0xbb, 0x0f, 0x42, 0x02, 0x60, 0xf4, 0x64, 0xe8, 0xcf, 0xde,
  0xb3, 0xda, 0x55, 0xd9, 0xcf, 0xde, 0x65, 0xe8, 0x60, 0xf4, 0xea, 0x01,
  0x0d, 0x0f, 0x59, 0x1a, 0x8f, 0x22, 0xac, 0x26, 0xee, 0x23, 0x75, 0x1e,
  0x87, 0x14, 0xb1, 0x07, 0x05, 0xfa, 0x87, 0xed, 0xea, 0xe2, 0x12, 0xdc,
  0xb3, 0xda, 0x70, 0xdd, 0xa7, 0xe5, 0x44, 0xf0, 0xac, 0xfc, 0xbe, 0x09,
  0x36, 0x15, 0x74, 0x1e, 0x90, 0x22, 0x8f, 0x22, 0x74, 0x1e, 0x3d, 0x16,
  0xa0, 0x0b, 0x4e, 0xff, 0x01, 0xf3, 0xc3, 0xe9, 0x8c, 0xe1, 0xd0, 0xde,
  0x2e, 0xe0, 0xa7, 0xe5, 0x36, 0xee, 0xa6, 0xf8, 0x03, 0x04, 0x5e, 0x0e,
  0x9c, 0x17, 0x15, 0x1d, 0x75, 0x1e, 0xb7, 0x1b, 0x3d, 0x16, 0xae, 0x0d,
  0x7f, 0x03, 0x56, 0xf9, 0x44, 0xf0, 0xc2, 0xe9, 0xa7, 0xe5, 0xa7, 0xe5,
  0x64, 0xe8, 0xe5, 0xee, 0xf1, 0xf6, 0xb3, 0xff, 0x60, 0x08, 0x0d, 0x0f,
  0x87, 0x14, 0x3d, 0x16, 0x36, 0x15, 0xca, 0x11, 0x50, 0x0c, 0x4b, 0x05,
  0x00, 0xfe, 0x49, 0xf7, 0x51, 0xf2, 0xe5, 0xee, 0x36, 0xee, 0x94, 0xef,
  0x01, 0xf3, 0xf7, 0xf7, 0x88, 0xfd, 0x28, 0x03, 0x09, 0x08, 0xa0, 0x0b,
  0xff, 0x0c, 0xff, 0x0c, 0xf1, 0x0a, 0x08, 0x08, 0x5a, 0x04, 0x70, 0x00,
  0xd8, 0xfc, 0x05, 0xfa, 0x50, 0xf8, 0xa0, 0xf7, 0x4f, 0xf8, 0x05, 0xfa,
  0xfd, 0xfb, 0x41, 0xfe, 0x5b, 0x00, 0x00, 0x02, 0xfc, 0x02, 0x27, 0x03,
  0xfc, 0x02, 0x2b, 0x02, 0x51, 0x01, 0x86, 0x00, 0x0b, 0x00, 0xfb, 0xff,
  0x53, 0x00, 0xff, 0x00, 0xd4, 0x01, 0x78, 0x02, 0xd0, 0x02, 0xa4, 0x02,
  0xd3, 0x01, 0x5a, 0x00, 0x6e, 0xfe, 0x55, 0xfc, 0x5d, 0xfa, 0xa7, 0xf8,
  0x4f, 0xf8, 0xa7, 0xf8, 0x5d, 0xfa, 0xd8, 0xfc, 0x5a, 0x00, 0x2f, 0x04,
  0xb0, 0x07, 0xf2, 0x0a, 0x50, 0x0c, 0x50, 0x0c, 0xf1, 0x0a, 0xb1, 0x07,
  0x28, 0x03, 0xbe, 0xfd, 0x4f, 0xf8, 0xb1, 0xf3, 0x94, 0xef, 0x36, 0xee,
  0xe5, 0xee, 0x52, 0xf2, 0x49, 0xf7, 0xea, 0xfd, 0x4b, 0x05, 0x50, 0x0c,
  0xca, 0x11, 0x36, 0x15, 0x3d, 0x16, 0xd8, 0x13, 0x0d, 0x0f, 0x09, 0x08,
  0xcf, 0xff, 0x49, 0xf7, 0x95, 0xef, 0xc4, 0xe9, 0xa8, 0xe5, 0xa8, 0xe5,
  0xc3, 0xe9, 0x44, 0xf0, 0x56, 0xf9, 0x53, 0x03, 0xff, 0x0c, 0x36, 0x15,
  0xb7, 0x1b, 0x15, 0x1d, 0xb7, 0x1b, 0x9b, 0x17, 0x5e, 0x0e, 0x2e, 0x04,
  0xfe, 0xf8, 0x37, 0xee, 0xa7, 0xe5, 0x2e, 0xe0, 0xcf, 0xde, 0xeb, 0xe2,
  0xc3, 0xe9, 0x01, 0xf3, 0x2d, 0xff, 0xa0, 0x0b, 0x3d, 0x16, 0x74, 0x1e,
  0x8f, 0x22, 0x90, 0x22, 0x74, 0x1e, 0x36, 0x15, 0xbf, 0x09, 0xd9, 0xfc,
  0x44, 0xf0, 0xa8, 0xe5, 0x70, 0xdd, 0xb4, 0xda, 0x12, 0xdc, 0xeb, 0xe2,
  0xd7, 0xec, 0xae, 0xf9, 0x58, 0x07, 0xd7, 0x13, 0x74, 0x1e, 0xee, 0x23,
  0xab, 0x26, 0x90, 0x22, 0x58, 0x1a, 0xbc, 0x0f, 0x16, 0x02, 0x5f, 0xf4,
  0x65, 0xe8, 0xcf, 0xde, 0xb3, 0xda, 0xb4, 0xda, 0xcf, 0xde, 0x65, 0xe8,
  0x5f, 0xf4, 0x2b, 0x02, 0xbc, 0x0f, 0x59, 0x1a, 0x90, 0x22, 0xab, 0x26,
  0xee, 0x23, 0x74, 0x1e, 0xd8, 0x13, 0x59, 0x07, 0xae, 0xf9, 0xd8, 0xec,
  0xea, 0xe2, 0x12, 0xdc, 0xb3, 0xda, 0x70, 0xdd, 0xa8, 0xe5, 0x44, 0xf0,
  0xd9, 0xfc, 0xbf, 0x09, 0x36, 0x15, 0x74, 0x1e, 0x8f, 0x22, 0x90, 0x22,
  0x74, 0x1e, 0x3d, 0x16, 0xa0, 0x0b, 0x18, 0xff, 0x01, 0xf3, 0x65, 0xe8,
  0x8c, 0xe1, 0xce, 0xde, 0x2d, 0xe0, 0xa7, 0xe5, 0x37, 0xee, 0xfe, 0xf8,
  0x2e, 0x04, 0x0d, 0x0f, 0x9c, 0x17, 0x16, 0x1d, 0x74, 0x1e, 0xb7, 0x1b,
  0x3d, 0x16, 0xff, 0x0c, 0x53, 0x03, 0xff, 0xf8, 0x44, 0xf0, 0xc3, 0xe9,
  0xa7, 0xe5, 0xa8, 0xe5, 0x64, 0xe8, 0xe5, 0xee, 0xf1, 0xf6, 0xda, 0xff,
  0x60, 0x08, 0xbd, 0x0f, 0x87, 0x14, 0x3d, 0x16, 0x36, 0x15, 0xca, 0x11,
  0x4f, 0x0c, 0x4b, 0x05, 0xea, 0xfd, 0x48, 0xf7, 0x52, 0xf2, 0xe6, 0xee,
  0x36, 0xee, 0x95, 0xef, 0x01, 0xf3, 0xf8, 0xf7, 0xa8, 0xfd, 0x28, 0x03,
  0x08, 0x08, 0xa1, 0x0b, 0xff, 0x0c, 0xff, 0x0c, 0xf2, 0x0a, 0x09, 0x08,
  0x5a, 0x04, 0x65, 0x00, 0xd8, 0xfc, 0x05, 0xfa, 0x4f, 0xf8, 0xa0, 0xf7,
  0x4f, 0xf8, 0x05, 0xfa, 0xfd, 0xfb, 0x42, 0xfe, 0x5a, 0x00, 0xff, 0x01,
  0xfc, 0x02, 0x27, 0x03, 0xfc, 0x02, 0x41, 0x02, 0x50, 0x01, 0x91, 0x00,
  0x15, 0x00, 0x05, 0x00, 0x5a, 0x00, 0xff, 0x00, 0xd4, 0x01, 0x78, 0x02,
  0xd0, 0x02, 0xa4, 0x02, 0xbe, 0x01, 0x48, 0x00, 0x58, 0xfe, 0x29, 0xfc,
  0x5d, 0xfa, 0xa6, 0xf8, 0x4f, 0xf8, 0xa7, 0xf8, 0x5d, 0xfa, 0x04, 0xfd,
  0x70, 0x00, 0x5a, 0x04, 0x08, 0x08, 0xf1, 0x0a, 0x50, 0x0c, 0x50, 0x0c,
  0xf1, 0x0a, 0xb1, 0x07, 0xfc, 0x02, 0x87, 0xfd, 0xf8, 0xf7, 0x01, 0xf3,
  0x95, 0xef, 0x36, 0xee, 0xe6, 0xee, 0x53, 0xf2, 0xa0, 0xf7, 0x16, 0xfe,
  0x4b, 0x05, 0x4f, 0x0c, 0xca, 0x11, 0x36, 0x15, 0x3d, 0x16, 0xd7, 0x13,
  0x0d, 0x0f, 0x08, 0x08, 0xa6, 0xff, 0xf1, 0xf6, 0xe6, 0xee, 0xc4, 0xe9,
  0xa8, 0xe5, 0x06, 0xe7, 0xc3, 0xe9, 0x45, 0xf0, 0x56, 0xf9, 0x7f, 0x03,
  0xff, 0x0c, 0x3d, 0x16, 0xb7, 0x1b, 0x15, 0x1d, 0xb7, 0x1b, 0x3d, 0x16,
  0x5e, 0x0e, 0x03, 0x04, 0xa7, 0xf8, 0x36, 0xee, 0xa8, 0xe5, 0x2d, 0xe0,
  0xcf, 0xde, 0xeb, 0xe2, 0xc3, 0xe9, 0xb0, 0xf3, 0x64, 0xff, 0xa0, 0x0b,
  0x3d, 0x16, 0x74, 0x1e, 0x90, 0x22, 0x90, 0x22, 0x74, 0x1e, 0x36, 0x15,
  0x67, 0x09, 0xac, 0xfc, 0x44, 0xf0, 0xa8, 0xe5, 0x71, 0xdd, 0xb3, 0xda,
  0x71, 0xdd, 0xeb, 0xe2, 0x86, 0xed, 0x06, 0xfa, 0xb1, 0x07, 0x86, 0x14,
  0x74, 0x1e, 0xee, 0x23, 0xab, 0x26, 0x90, 0x22, 0x58, 0x1a, 0x0c, 0x0f,
  0xd4, 0x01, 0x60, 0xf4, 0x65, 0xe8, 0xcf, 0xde, 0x55, 0xd9, 0xb3, 0xda,
  0xcf, 0xde, 0x65, 0xe8, 0x60, 0xf4, 0x58, 0x02, 0xbc, 0x0f, 0xb7, 0x1b,
  0x8f, 0x22, 0xab, 0x26, 0xef, 0x23, 0x74, 0x1e, 0xd7, 0x13, 0x02, 0x07,
  0x56, 0xf9, 0xd8, 0xec, 0xeb, 0xe2, 0x12, 0xdc, 0xb3, 0xda, 0x71, 0xdd,
  0xa7, 0xe5, 0x45, 0xf0, 0x31, 0xfd, 0x16, 0x0a, 0x3d, 0x16, 0x74, 0x1e,
  0x8f, 0x22, 0x90, 0x22, 0x74, 0x1e, 0x3d, 0x16, 0xf1, 0x0a, 0xdc, 0xfe,
  0x01, 0xf3, 0x64, 0xe8, 0x8c, 0xe1, 0xcf, 0xde, 0x2d, 0xe0, 0xa8, 0xe5,
  0x36, 0xee, 0xff, 0xf8, 0x5b, 0x04, 0x0d, 0x0f, 0x9b, 0x17, 0x16, 0x1d,
  0x74, 0x1e, 0xb7, 0x1b, 0x3d, 0x16, 0xff, 0x0c, 0x28, 0x03, 0xff, 0xf8,
  0x44, 0xf0, 0xc3, 0xe9, 0xa8, 0xe5, 0xa7, 0xe5, 0xc3, 0xe9, 0xe5, 0xee,
  0x49, 0xf7, 0x00, 0x00, 0x60, 0x08, 0xbc, 0x0f, 0x87, 0x14, 0x3e, 0x16,
  0x36, 0x15, 0xca, 0x11, 0x4f, 0x0c, 0x0a, 0x05, 0xbf, 0xfd, 0xf1, 0xf6,
  0xa3, 0xf1, 0xe5, 0xee, 0x36, 0xee, 0x95, 0xef, 0x01, 0xf3, 0xf7, 0xf7,
  0xbe, 0xfd, 0x54, 0x03, 0x08, 0x08, 0xa0, 0x0b, 0xff, 0x0c, 0xff, 0x0c,
  0xf1, 0x0a, 0x08, 0x08, 0x5a, 0x04, 0x4c, 0x00, 0xad, 0xfc, 0x06, 0xfa,
  0x4f, 0xf8, 0xa0, 0xf7, 0x50, 0xf8, 0x06, 0xfa, 0xfd, 0xfb, 0x58, 0xfe,
  0x66, 0x00, 0x00, 0x02, 0xfc, 0x02, 0x53, 0x03, 0xfc, 0x02, 0x2c, 0x02,
  0x50, 0x01, 0x91, 0x00, 0x11, 0x00, 0xfb, 0xff, 0x51, 0x00, 0xff, 0x00,
  0xbe, 0x01, 0x78, 0x02, 0xd0, 0x02, 0xa4, 0x02, 0xbe, 0x01, 0x48, 0x00,
  0x57, 0xfe, 0x29, 0xfc, 0x5d, 0xfa, 0xa7, 0xf8, 0x4f, 0xf8, 0xa7, 0xf8,
  0x5e, 0xfa, 0x05, 0xfd, 0x7b, 0x00, 0x5a, 0x04, 0x09, 0x08, 0xf1, 0x0a,
  0x50, 0x0c, 0x4f, 0x0c, 0xf1, 0x0a, 0xb1, 0x07, 0xfc, 0x02, 0x88, 0xfd,
  0xf8, 0xf7, 0x01, 0xf3, 0x95, 0xef, 0x36, 0xee, 0x95, 0xef, 0x52, 0xf2,
  0xa0, 0xf7, 0x2c, 0xfe, 0x4c, 0x05, 0x50, 0x0c, 0xca, 0x11, 0x36, 0x15,
  0x3d, 0x16, 0xd8, 0x13, 0x0d, 0x0f, 0x08, 0x08, 0x90, 0xff, 0xf0, 0xf6,
  0xe5, 0xee, 0xc3, 0xe9, 0xa7, 0xe5, 0x06, 0xe7, 0xc3, 0xe9, 0xf4, 0xf0,
  0xae, 0xf9, 0x7f, 0x03, 0xae, 0x0d, 0x3d, 0x16, 0xb6, 0x1b, 0x15, 0x1d,
  0xb7, 0x1b, 0x3d, 0x16, 0x5d, 0x0e, 0xd7, 0x03, 0xa7, 0xf8, 0x36, 0xee,
  0xa7, 0xe5, 0x2e, 0xe0, 0xcf, 0xde, 0xeb, 0xe2, 0xc2, 0xe9, 0xb0, 0xf3,
  0x85, 0xff, 0xa1, 0x0b, 0x3d, 0x16, 0x74, 0x1e, 0x90, 0x22, 0x90, 0x22,
  0x16, 0x1d, 0x36, 0x15, 0x67, 0x09, 0x81, 0xfc, 0x95, 0xef, 0xa7, 0xe5,
  0x70, 0xdd, 0xb3, 0xda, 0x70, 0xdd, 0xea, 0xe2, 0x88, 0xed, 0x06, 0xfa,
  0xb1, 0x07, 0x87, 0x14, 0x74, 0x1e, 0xee, 0x23, 0xaa, 0x26, 0x90, 0x22,
  0x59, 0x1a, 0x0d, 0x0f, 0xa9, 0x01, 0xb1, 0xf3, 0x64, 0xe8, 0xcf, 0xde,
  0x56, 0xd9, 0xb4, 0xda, 0xcf, 0xde, 0x65, 0xe8, 0x0f, 0xf5, 0x78, 0x02,
  0xbc, 0x0f, 0xb7, 0x1b, 0x90, 0x22, 0xac, 0x26, 0xee, 0x23, 0x74, 0x1e,
  0xd7, 0x13, 0x02, 0x07, 0x56, 0xf9, 0xd8, 0xec, 0xeb, 0xe2, 0x12, 0xdc,
  0xb3, 0xda, 0x71, 0xdd, 0xa8, 0xe5, 0x44, 0xf0, 0x30, 0xfd, 0x16, 0x0a,
  0x3c, 0x16, 0x74, 0x1e, 0x90, 0x22, 0x90, 0x22, 0x74, 0x1e, 0x3d, 0x16,
  0xf1, 0x0a, 0xc5, 0xfe, 0x01, 0xf3, 0x65, 0xe8, 0x8d, 0xe1, 0xcf, 0xde,
  0x2d, 0xe0, 0xa7, 0xe5, 0x36, 0xee, 0xfe, 0xf8, 0x86, 0x04, 0x0c, 0x0f,
  0x9c, 0x17, 0x15, 0x1d, 0x74, 0x1e, 0xb7, 0x1b, 0x37, 0x15, 0xff, 0x0c,
  0xfc, 0x02, 0xff, 0xf8, 0x44, 0xf0, 0xc3, 0xe9, 0xa7, 0xe5, 0xa8, 0xe5,
  0xc3, 0xe9, 0x95, 0xef, 0x48, 0xf7, 0x16, 0x00, 0xb7, 0x08, 0xbc, 0x0f,
  0x86, 0x14, 0x3d, 0x16, 0x36, 0x15, 0xca, 0x11, 0x50, 0x0c, 0x0a, 0x05,
  0xa8, 0xfd, 0xf1, 0xf6, 0xa2, 0xf1, 0xe5, 0xee, 0x36, 0xee, 0x95, 0xef,
  0x01, 0xf3, 0x4f, 0xf8, 0xd4, 0xfd, 0x54, 0x03, 0x08, 0x08, 0xa0, 0x0b,
  0xff, 0x0c, 0xff, 0x0c, 0xf1, 0x0a, 0x08, 0x08, 0x2e, 0x04, 0x47, 0x00,
  0xad, 0xfc, 0x05, 0xfa, 0x4f, 0xf8, 0xa0, 0xf7, 0x4f, 0xf8, 0x05, 0xfa,
  0x29, 0xfc, 0x57, 0xfe, 0x65, 0x00, 0xff, 0x01, 0xfc, 0x02, 0x28, 0x03,
  0xd0, 0x02, 0x2c, 0x02, 0x51, 0x01, 0x86, 0x00, 0x16, 0x00, 0x06, 0x00,
  0x65, 0x00, 0x0e, 0x01, 0xd4, 0x01, 0x78, 0x02, 0xd0, 0x02, 0xa4, 0x02,
  0xbe, 0x01, 0x3c, 0x00, 0x43, 0xfe, 0x29, 0xfc, 0x06, 0xfa, 0xa7, 0xf8,
  0x4f, 0xf8, 0xa7, 0xf8, 0x5d, 0xfa, 0x04, 0xfd, 0x86, 0x00, 0x5b, 0x04,
  0x08, 0x08, 0xf2, 0x0a, 0x50, 0x0c, 0x50, 0x0c, 0xf1, 0x0a, 0xb1, 0x07,
  0xd0, 0x02, 0x88, 0xfd, 0xf8, 0xf7, 0x02, 0xf3, 0x95, 0xef, 0x37, 0xee,
  0x95, 0xef, 0x52, 0xf2, 0xa0, 0xf7, 0x42, 0xfe, 0xa3, 0x05, 0x50, 0x0c,
  0xca, 0x11, 0x36, 0x15, 0x3d, 0x16, 0xd8, 0x13, 0x0d, 0x0f, 0xb1, 0x07,
  0x64, 0xff, 0x99, 0xf6, 0xe6, 0xee, 0x65, 0xe8, 0xa8, 0xe5, 0x06, 0xe7,
  0xc3, 0xe9, 0xf4, 0xf0, 0xae, 0xf9, 0xab, 0x03, 0xae, 0x0d, 0x3d, 0x16,
  0xb7, 0x1b, 0x74, 0x1e, 0xb7, 0x1b, 0x3d, 0x16, 0x5e, 0x0e, 0xab, 0x03,
  0x4f, 0xf8, 0x88, 0xed, 0xa7, 0xe5, 0x2e, 0xe0, 0xcf, 0xde, 0xea, 0xe2,
  0xc3, 0xe9, 0xb0, 0xf3, 0xbf, 0xff, 0xa1, 0x0b, 0x3c, 0x16, 0x74, 0x1e,
  0x90, 0x22, 0x90, 0x22, 0x16, 0x1d, 0x87, 0x14, 0x0f, 0x09, 0x29, 0xfc,
  0x95, 0xef, 0xa7, 0xe5, 0x70, 0xdd, 0xb3, 0xda, 0x70, 0xdd, 0xeb, 0xe2,
  0x87, 0xed, 0x5d, 0xfa, 0x08, 0x08, 0x87, 0x14, 0x74, 0x1e, 0x4d, 0x25,
  0xab, 0x26, 0x8f, 0x22, 0x58, 0x1a, 0x0d, 0x0f, 0x66, 0x01, 0xb1, 0xf3,
  0x06, 0xe7, 0xcf, 0xde, 0x55, 0xd9, 0xb3, 0xda, 0xcf, 0xde, 0x65, 0xe8,
  0x0f, 0xf5, 0xd0, 0x02, 0x6b, 0x10, 0xb7, 0x1b, 0x8f, 0x22, 0xab, 0x26,
  0xee, 0x23, 0x74, 0x1e, 0x28, 0x13, 0xaa, 0x06, 0xff, 0xf8, 0xd8, 0xec,
  0xeb, 0xe2, 0x12, 0xdc, 0xb4, 0xda, 0xcf, 0xde, 0xa8, 0xe5, 0xf4, 0xf0,
  0x88, 0xfd, 0x6e, 0x0a, 0x3d, 0x16, 0x73, 0x1e, 0x90, 0x22, 0x90, 0x22,
  0x74, 0x1e, 0x3c, 0x16, 0xf1, 0x0a, 0x83, 0xfe, 0x52, 0xf2, 0x65, 0xe8,
  0x8c, 0xe1, 0xcf, 0xde, 0x2d, 0xe0, 0xa8, 0xe5, 0xe5, 0xee, 0x56, 0xf9,
  0xb3, 0x04, 0x0d, 0x0f, 0x9b, 0x17, 0x15, 0x1d, 0x74, 0x1e, 0xb7, 0x1b,
  0x36, 0x15, 0xff, 0x0c, 0xd0, 0x02, 0xa7, 0xf8, 0x95, 0xef, 0xc3, 0xe9,
  0xa7, 0xe5, 0xa7, 0xe5, 0xc3, 0xe9, 0x95, 0xef, 0x49, 0xf7, 0x41, 0x00,
  0xb8, 0x08, 0xbc, 0x0f, 0x86, 0x14, 0x3d, 0x16, 0x36, 0x15, 0xca, 0x11,
  0xa1, 0x0b, 0xde, 0x04, 0x88, 0xfd, 0xf0, 0xf6, 0xa2, 0xf1, 0xe6, 0xee,
  0x36, 0xee, 0x94, 0xef, 0x01, 0xf3, 0x4f, 0xf8, 0xea, 0xfd, 0x7f, 0x03,
  0x08, 0x08, 0xa0, 0x0b, 0xff, 0x0c, 0xff, 0x0c, 0xf1, 0x0a, 0x08, 0x08,
  0x2e, 0x04, 0x31, 0x00, 0xad, 0xfc, 0x06, 0xfa, 0x4f, 0xf8, 0xf8, 0xf7,
  0xa7, 0xf8, 0x06, 0xfa, 0x29, 0xfc, 0x6e, 0xfe, 0x70, 0x00, 0x00, 0x02,
  0xfc, 0x02, 0x27, 0x03, 0xd1, 0x02, 0x16, 0x02, 0x3b, 0x01, 0x86, 0x00,
  0x10, 0x00, 0x06, 0x00, 0x65, 0x00, 0x0f, 0x01, 0xea, 0x01, 0x79, 0x02,
  0xd0, 0x02, 0xa4, 0x02, 0xbe, 0x01, 0x37, 0x00, 0x42, 0xfe, 0x29, 0xfc,
  0x05, 0xfa, 0xa8, 0xf8, 0x50, 0xf8, 0xa7, 0xf8, 0x5d, 0xfa, 0x30, 0xfd,
  0x9c, 0x00, 0x86, 0x04, 0x09, 0x08, 0xf1, 0x0a, 0x50, 0x0c, 0x4f, 0x0c,
  0xf2, 0x0a, 0x59, 0x07, 0xd0, 0x02, 0x5c, 0xfd, 0xf7, 0xf7, 0x01, 0xf3,
  0x95, 0xef, 0x36, 0xee, 0x95, 0xef, 0x52, 0xf2, 0xa0, 0xf7, 0x6e, 0xfe,
  0xa3, 0x05, 0x50, 0x0c, 0xcb, 0x11, 0x36, 0x15, 0x3d, 0x16, 0xd7, 0x13,
  0x0d, 0x0f, 0xb1, 0x07, 0x39, 0xff, 0x99, 0xf6, 0xe5, 0xee, 0x65, 0xe8,
  0xa7, 0xe5, 0x06, 0xe7, 0xc3, 0xe9, 0xf3, 0xf0, 0x06, 0xfa, 0x03, 0x04,
  0xae, 0x0d, 0x3d, 0x16, 0xb7, 0x1b, 0x16, 0x1d, 0xb7, 0x1b, 0x3d, 0x16,
  0xae, 0x0d, 0x54, 0x03, 0xf8, 0xf7, 0x87, 0xed, 0xa8, 0xe5, 0x2d, 0xe0,
  0xcf, 0xde, 0xea, 0xe2, 0xc3, 0xe9, 0x5f, 0xf4, 0x00, 0x00, 0x4f, 0x0c,
  0x9c, 0x17, 0x74, 0x1e, 0x90, 0x22, 0x90, 0x22, 0x16, 0x1d, 0x87, 0x14,
  0x0f, 0x09, 0xfd, 0xfb, 0x95, 0xef, 0x49, 0xe4, 0x70, 0xdd, 0xb3, 0xda,
  0x70, 0xdd, 0xeb, 0xe2, 0x37, 0xee, 0xb5, 0xfa, 0x60, 0x08, 0x87, 0x14,
  0x74, 0x1e, 0x4d, 0x25, 0x4d, 0x25, 0x90, 0x22, 0x59, 0x1a, 0x5d, 0x0e,
  0x25, 0x01, 0xb1, 0xf3, 0x06, 0xe7, 0xcf, 0xde, 0x55, 0xd9, 0xb4, 0xda,
  0x2d, 0xe0, 0x64, 0xe8, 0x0f, 0xf5, 0xfc, 0x02, 0x6b, 0x10, 0xb7, 0x1b,
  0x90, 0x22, 0xab, 0x26, 0xee, 0x23, 0x16, 0x1d, 0x28, 0x13, 0x52, 0x06,
  0xfe, 0xf8, 0x29, 0xec, 0xea, 0xe2, 0x12, 0xdc, 0xb4, 0xda, 0xcf, 0xde,
  0xa8, 0xe5, 0xf3, 0xf0, 0xbf, 0xfd, 0xf2, 0x0a, 0x3e, 0x16, 0x74, 0x1e,
  0x90, 0x22, 0x8f, 0x22, 0x74, 0x1e, 0x3d, 0x16, 0x6e, 0x0a, 0x42, 0xfe,
  0x52, 0xf2, 0x65, 0xe8, 0x8c, 0xe1, 0xcf, 0xde, 0x2d, 0xe0, 0xa7, 0xe5,
  0xe6, 0xee, 0xae, 0xf9, 0x0a, 0x05, 0xbc, 0x0f, 0x9b, 0x17, 0x16, 0x1d,
  0x74, 0x1e, 0xb7, 0x1b, 0x36, 0x15, 0x51, 0x0c, 0xa4, 0x02, 0xa7, 0xf8,
  0x95, 0xef, 0xc3, 0xe9, 0xa7, 0xe5, 0xa7, 0xe5, 0xc4, 0xe9, 0x94, 0xef,
  0xa0, 0xf7, 0x70, 0x00, 0xb8, 0x08, 0xbc, 0x0f, 0x87, 0x14, 0x3d, 0x16,
  0x36, 0x15, 0xca, 0x11, 0xa0, 0x0b, 0xb3, 0x04, 0x5d, 0xfd, 0xf1, 0xf6,
  0xa3, 0xf1, 0xe5, 0xee, 0x37, 0xee, 0x95, 0xef, 0xb1, 0xf3, 0x50, 0xf8,
  0x00, 0xfe, 0x7f, 0x03, 0x09, 0x08, 0xa0, 0x0b, 0xff, 0x0c, 0xff, 0x0c,
  0xf1, 0x0a, 0x09, 0x08, 0x03, 0x04, 0x26, 0x00, 0xad, 0xfc, 0x06, 0xfa,
  0x4f, 0xf8, 0xf8, 0xf7, 0xa7, 0xf8, 0x06, 0xfa, 0x29, 0xfc, 0x6e, 0xfe,
  0x70, 0x00, 0x00, 0x02, 0xfc, 0x02, 0x28, 0x03, 0xd0, 0x02, 0x16, 0x02,
  0x3b, 0x01, 0x86, 0x00, 0x15, 0x00, 0x0a, 0x00, 0x70, 0x00, 0x25, 0x01,
  0xea, 0x01, 0xa5, 0x02, 0xcf, 0x02, 0xa4, 0x02, 0xa8, 0x01, 0x2c, 0x00,
  0x2c, 0xfe, 0xfd, 0xfb, 0x05, 0xfa, 0xa7, 0xf8, 0xf8, 0xf7, 0xa6, 0xf8,
  0x5d, 0xfa, 0x30, 0xfd, 0xbc, 0x00, 0x87, 0x04, 0x08, 0x08, 0xf1, 0x0a,
  0x4f, 0x0c, 0x50, 0x0c, 0xf1, 0x0a, 0x59, 0x07, 0xa4, 0x02, 0x30, 0xfd,
  0xa0, 0xf7, 0x01, 0xf3, 0x95, 0xef, 0x36, 0xee, 0x95, 0xef, 0x52, 0xf2,
  0xf8, 0xf7, 0x99, 0xfe, 0xa3, 0x05, 0x50, 0x0c, 0xc9, 0x11, 0x36, 0x15,
  0x3d, 0x16, 0xd7, 0x13, 0x0d, 0x0f, 0xb1, 0x07, 0x0d, 0xff, 0x41, 0xf6,
  0xe5, 0xee, 0x65, 0xe8, 0xa8, 0xe5, 0x06, 0xe7, 0xc3, 0xe9, 0xf3, 0xf0,
  0x05, 0xfa, 0x2e, 0x04, 0xae, 0x0d, 0x3d, 0x16, 0xb6, 0x1b, 0x74, 0x1e,
  0xb7, 0x1b, 0x3d, 0x16, 0xae, 0x0d, 0x28, 0x03, 0xf8, 0xf7, 0x87, 0xed,
  0xa8, 0xe5, 0x2e, 0xe0, 0xcf, 0xde, 0xeb, 0xe2, 0xc3, 0xe9, 0x5f, 0xf4,
  0x42, 0x00, 0x50, 0x0c, 0x9b, 0x17, 0x74, 0x1e, 0x90, 0x22, 0x90, 0x22,
  0x16, 0x1d, 0x87, 0x14, 0xb7, 0x08, 0xa5, 0xfb, 0xe5, 0xee, 0x48, 0xe4,
  0x71, 0xdd, 0xb3, 0xda, 0x71, 0xdd, 0x49, 0xe4, 0x36, 0xee, 0xf6, 0xfa,
  0x60, 0x08, 0x36, 0x15, 0x73, 0x1e, 0x4d, 0x25, 0xab, 0x26, 0x8f, 0x22,
  0x59, 0x1a, 0x5e, 0x0e, 0xdd, 0x00, 0x01, 0xf3, 0x06, 0xe7, 0xcf, 0xde,
  0x55, 0xd9, 0xb3, 0xda, 0x2e, 0xe0, 0xc3, 0xe9, 0x92, 0xf5, 0x53, 0x03,
  0x6b, 0x10, 0xb8, 0x1b, 0xee, 0x23, 0xab, 0x26, 0xed, 0x23, 0x15, 0x1d,
  0x28, 0x13, 0x52, 0x06, 0xa7, 0xf8, 0x28, 0xec, 0x8b, 0xe1, 0x12, 0xdc,
  0xb3, 0xda, 0xcf, 0xde, 0xa8, 0xe5, 0xf3, 0xf0, 0x00, 0xfe, 0xf1, 0x0a,
  0x3d, 0x16, 0x75, 0x1e, 0x8f, 0x22, 0x90, 0x22, 0x74, 0x1e, 0x36, 0x15,
  0x6e, 0x0a, 0x16, 0xfe, 0x51, 0xf2, 0x65, 0xe8, 0x8c, 0xe1, 0xcf, 0xde,
  0x2e, 0xe0, 0xa8, 0xe5, 0xe5, 0xee, 0xae, 0xf9, 0x4b, 0x05, 0xbc, 0x0f,
  0x9b, 0x17, 0x16, 0x1d, 0x73, 0x1e, 0xb7, 0x1b, 0x36, 0x15, 0x50, 0x0c,
  0x78, 0x02, 0x4f, 0xf8, 0x95, 0xef, 0xc3, 0xe9, 0xa8, 0xe5, 0xa7, 0xe5,
  0xc4, 0xe9, 0x95, 0xef, 0xf8, 0xf7, 0x9b, 0x00, 0x0f, 0x09, 0xbc, 0x0f,
  0x87, 0x14, 0x3d, 0x16, 0x36, 0x15, 0x1b, 0x11, 0xa0, 0x0b, 0x87, 0x04,
  0x5c, 0xfd, 0x99, 0xf6, 0xa3, 0xf1, 0xe6, 0xee, 0x36, 0xee, 0x95, 0xef,
  0xb0, 0xf3, 0xa7, 0xf8, 0x2c, 0xfe, 0xaa, 0x03, 0x60, 0x08, 0xa1, 0x0b,
  0xff, 0x0c, 0xff, 0x0c, 0xf1, 0x0a, 0xb1, 0x07, 0x03, 0x04, 0x05, 0x00,
  0x81, 0xfc, 0xae, 0xf9, 0x4f, 0xf8, 0xf8, 0xf7, 0xa7, 0xf8, 0x5e, 0xfa,
  0x55, 0xfc, 0x84, 0xfe, 0x86, 0x00, 0x00, 0x02, 0xd0, 0x02, 0x27, 0x03,
  0xa4, 0x02, 0x00, 0x02, 0x25, 0x01, 0x6f, 0x00, 0x06, 0x00, 0x05, 0x00,
  0x70, 0x00, 0x24, 0x01, 0x00, 0x02, 0xa4, 0x02, 0xfb, 0x02, 0xa3, 0x02,
  0xbd, 0x01, 0x2c, 0x00, 0x2c, 0xfe, 0xfd, 0xfb, 0x05, 0xfa, 0xa7, 0xf8,
  0xf8, 0xf7, 0xa7, 0xf8, 0x5e, 0xfa, 0x30, 0xfd, 0xbc, 0x00, 0xb2, 0x04,
  0x60, 0x08, 0xf0, 0x0a, 0xff, 0x0c, 0xff, 0x0c, 0xf1, 0x0a, 0x59, 0x07,
  0xa4, 0x02, 0x30, 0xfd, 0xa0, 0xf7, 0x01, 0xf3, 0x94, 0xef, 0x37, 0xee,
  0x95, 0xef, 0x52, 0xf2, 0xf8, 0xf7, 0xb0, 0xfe, 0xfa, 0x05, 0xff, 0x0c,
  0x78, 0x12, 0x37, 0x15, 0x3d, 0x16, 0xd7, 0x13, 0x5e, 0x0e, 0x59, 0x07,
  0xf1, 0xfe, 0x42, 0xf6, 0x37, 0xee, 0x65, 0xe8, 0xa8, 0xe5, 0x06, 0xe7,
  0xc3, 0xe9, 0xf3, 0xf0, 0x5d, 0xfa, 0x5a, 0x04, 0x5d, 0x0e, 0x3c, 0x16,
  0xb7, 0x1b, 0x74, 0x1e, 0xb7, 0x1b, 0x3d, 0x16, 0xae, 0x0d, 0xfc, 0x02,
  0xa0, 0xf7, 0x87, 0xed, 0x49, 0xe4, 0x2d, 0xe0, 0xcf, 0xde, 0xea, 0xe2,
  0xc3, 0xe9, 0x5f, 0xf4, 0x70, 0x00, 0x4f, 0x0c, 0x9b, 0x17, 0x74, 0x1e,
  0x90, 0x22, 0x90, 0x22, 0x15, 0x1d, 0x87, 0x14, 0x60, 0x08, 0x7a, 0xfb,
  0xe6, 0xee, 0x49, 0xe4, 0x70, 0xdd, 0xb4, 0xda, 0x70, 0xdd, 0x49, 0xe4,
  0x37, 0xee, 0x22, 0xfb, 0xb8, 0x08, 0x36, 0x15, 0x74, 0x1e, 0x4c, 0x25,
  0x4d, 0x25, 0x90, 0x22, 0x58, 0x1a, 0x5e, 0x0e, 0xa7, 0x00, 0x01, 0xf3,
  0x06, 0xe7, 0xcf, 0xde, 0x55, 0xd9, 0xb4, 0xda, 0x2d, 0xe0, 0xc3, 0xe9,
  0xea, 0xf5, 0x7f, 0x03, 0x1a, 0x11, 0xb7, 0x1b, 0xee, 0x23, 0xab, 0x26,
  0xee, 0x23, 0x15, 0x1d, 0x79, 0x12, 0xfb, 0x05, 0x50, 0xf8, 0x28, 0xec,
  0x8c, 0xe1, 0x12, 0xdc, 0xb4, 0xda, 0xce, 0xde, 0x06, 0xe7, 0xa2, 0xf1,
  0x42, 0xfe, 0xf1, 0x0a, 0x3d, 0x16, 0x74, 0x1e, 0x90, 0x22, 0x8f, 0x22,
  0x74, 0x1e, 0x36, 0x15, 0x16, 0x0a, 0xd4, 0xfd, 0x52, 0xf2, 0x65, 0xe8,
  0x8c, 0xe1, 0xcf, 0xde, 0x2e, 0xe0, 0x06, 0xe7, 0x95, 0xef, 0x05, 0xfa,
  0x4b, 0x05, 0xbc, 0x0f, 0x9c, 0x17, 0x16, 0x1d, 0x74, 0x1e, 0xb7, 0x1b,
  0x87, 0x14, 0x4f, 0x0c, 0x2b, 0x02, 0x50, 0xf8, 0x95, 0xef, 0xc3, 0xe9,
  0xa8, 0xe5, 0xa7, 0xe5, 0xc3, 0xe9, 0x95, 0xef, 0xf8, 0xf7, 0xc8, 0x00,
  0x10, 0x09, 0xbc, 0x0f, 0x87, 0x14, 0x3d, 0x16, 0x36, 0x15, 0x1a, 0x11,
  0xa0, 0x0b, 0x5a, 0x04, 0x2f, 0xfd, 0x99, 0xf6, 0xa3, 0xf1, 0xe5, 0xee,
  0x36, 0xee, 0x44, 0xf0, 0xb0, 0xf3, 0xa7, 0xf8, 0x43, 0xfe, 0xab, 0x03,
  0x60, 0x08, 0xa0, 0x0b, 0xff, 0x0c, 0x50, 0x0c, 0xf2, 0x0a, 0xb0, 0x07,
  0xd6, 0x03, 0xf5, 0xff, 0x81, 0xfc, 0xae, 0xf9, 0x4f, 0xf8, 0xf8, 0xf7,
  0xa6, 0xf8, 0x5d, 0xfa, 0x56, 0xfc, 0x9a, 0xfe, 0x86, 0x00, 0x00, 0x02,
  0xd0, 0x02, 0xfc, 0x02, 0xa4, 0x02, 0xea, 0x01, 0x26, 0x01, 0x65, 0x00,
  0x05, 0x00, 0x0b, 0x00, 0x7b, 0x00, 0x3b, 0x01, 0x00, 0x02, 0xa4, 0x02,
  0xfc, 0x02, 0xa4, 0x02, 0xbe, 0x01, 0x26, 0x00, 0x16, 0xfe, 0xfe, 0xfb,
  0x06, 0xfa, 0xa7, 0xf8, 0xf7, 0xf7, 0xa7, 0xf8, 0x5d, 0xfa, 0x30, 0xfd,
  0xd3, 0x00, 0xb2, 0x04, 0x60, 0x08, 0xf2, 0x0a, 0xfe, 0x0c, 0xff, 0x0c,
  0xf1, 0x0a, 0x59, 0x07, 0x79, 0x02, 0x04, 0xfd, 0xa0, 0xf7, 0x01, 0xf3,
  0x94, 0xef, 0x36, 0xee, 0x95, 0xef, 0x01, 0xf3, 0xf7, 0xf7, 0xc5, 0xfe,
  0xfb, 0x05, 0xff, 0x0c, 0x79, 0x12, 0x36, 0x15, 0x3d, 0x16, 0xd7, 0x13,
  0x5e, 0x0e, 0x59, 0x07, 0xc5, 0xfe, 0xea, 0xf5, 0x36, 0xee, 0x65, 0xe8,
  0xa7, 0xe5, 0x06, 0xe7, 0xc3, 0xe9, 0xa2, 0xf1, 0x5d, 0xfa, 0x86, 0x04,
  0x5d, 0x0e, 0x3d, 0x16, 0xb7, 0x1b, 0x74, 0x1e, 0xb7, 0x1b, 0x3d, 0x16,
  0xae, 0x0d, 0xd0, 0x02, 0xa0, 0xf7, 0xd8, 0xec, 0x49, 0xe4, 0x2e, 0xe0,
  0xcf, 0xde, 0xea, 0xe2, 0xc3, 0xe9, 0x60, 0xf4, 0xa6, 0x00, 0xff, 0x0c,
  0x9b, 0x17, 0xd3, 0x1f, 0x90, 0x22, 0x8f, 0x22, 0x16, 0x1d, 0xd8, 0x13,
  0x60, 0x08, 0x4e, 0xfb, 0xe6, 0xee, 0x49, 0xe4, 0x71, 0xdd, 0xb3, 0xda,
  0x71, 0xdd, 0x49, 0xe4, 0x36, 0xee, 0x7a, 0xfb, 0x0f, 0x09, 0x36, 0x15,
  0xd3, 0x1f, 0x4d, 0x25, 0x4e, 0x25, 0x90, 0x22, 0x59, 0x1a, 0xae, 0x0d,
  0x70, 0x00, 0x02, 0xf3, 0x05, 0xe7, 0x70, 0xdd, 0x55, 0xd9, 0xb3, 0xda,
  0x2e, 0xe0, 0xc3, 0xe9, 0xe9, 0xf5, 0xd7, 0x03, 0x1b, 0x11, 0xb7, 0x1b,
  0xee, 0x23, 0xab, 0x26, 0xee, 0x23, 0x15, 0x1d, 0x79, 0x12, 0xa3, 0x05,
  0x50, 0xf8, 0x7a, 0xeb, 0x8c, 0xe1, 0x11, 0xdc, 0xb3, 0xda, 0xce, 0xde,
  0x06, 0xe7, 0xa3, 0xf1, 0x6d, 0xfe, 0xa0, 0x0b, 0x3d, 0x16, 0x74, 0x1e,
  0x90, 0x22, 0x90, 0x22, 0x15, 0x1d, 0x37, 0x15, 0x17, 0x0a, 0xa9, 0xfd,
  0xa3, 0xf1, 0x65, 0xe8, 0x8c, 0xe1, 0xcf, 0xde, 0x2d, 0xe0, 0x06, 0xe7,
  0x95, 0xef, 0x5d, 0xfa, 0xa3, 0x05, 0xbc, 0x0f, 0x9b, 0x17, 0x15, 0x1d,
  0x74, 0x1e, 0x58, 0x1a, 0x87, 0x14, 0x50, 0x0c, 0x16, 0x02, 0xf8, 0xf7,
  0x94, 0xef, 0xc3, 0xe9, 0xa8, 0xe5, 0xa8, 0xe5, 0xc2, 0xe9, 0x44, 0xf0,
  0xf7, 0xf7, 0xde, 0x00, 0x67, 0x09, 0xbc, 0x0f, 0x87, 0x14, 0x3d, 0x16,
  0x37, 0x15, 0x1b, 0x11, 0xa1, 0x0b, 0x5a, 0x04, 0x05, 0xfd, 0x99, 0xf6,
  0xa3, 0xf1, 0xe5, 0xee, 0x36, 0xee, 0x45, 0xf0, 0xb1, 0xf3, 0xa7, 0xf8,
  0x6e, 0xfe, 0xd7, 0x03, 0x60, 0x08, 0xa0, 0x0b, 0xff, 0x0c, 0x50, 0x0c,
  0xf1, 0x0a, 0xb1, 0x07, 0xd7, 0x03, 0xea, 0xff, 0x81, 0xfc, 0xae, 0xf9,
  0x4f, 0xf8, 0xf8, 0xf7, 0xa7, 0xf8, 0x5d, 0xfa, 0x55, 0xfc, 0x9a, 0xfe,
  0x91, 0x00, 0xff, 0x01, 0xd0, 0x02, 0xfc, 0x02, 0xa4, 0x02, 0xea, 0x01,
  0x0f, 0x01, 0x65, 0x00, 0x00, 0x00, 0x11, 0x00, 0x85, 0x00, 0x3b, 0x01,
  0x16, 0x02, 0xd0, 0x02, 0xfc, 0x02, 0xa4, 0x02, 0xbe, 0x01, 0x1b, 0x00,
  0x16, 0xfe, 0xd2, 0xfb, 0x06, 0xfa, 0x50, 0xf8, 0xf7, 0xf7, 0xa7, 0xf8,
  0x5d, 0xfa, 0x30, 0xfd, 0xde, 0x00, 0xb1, 0x04, 0x60, 0x08, 0xf1, 0x0a,
  0xff, 0x0c, 0xff, 0x0c, 0xf2, 0x0a, 0x59, 0x07, 0x78, 0x02, 0x04, 0xfd,
  0x49, 0xf7, 0x01, 0xf3, 0x95, 0xef, 0x37, 0xee, 0x95, 0xef, 0x01, 0xf3,
  0xf7, 0xf7, 0xdb, 0xfe, 0xfb, 0x05, 0x00, 0x0d, 0x78, 0x12, 0x3d, 0x16,
  0x3d, 0x16, 0xd7, 0x13, 0x5d, 0x0e, 0x59, 0x07, 0xaf, 0xfe, 0xe9, 0xf5,
  0x36, 0xee, 0x65, 0xe8, 0xa8, 0xe5, 0x06, 0xe7, 0xc3, 0xe9, 0xa2, 0xf1,
  0x5d, 0xfa, 0xb2, 0x04, 0x5d, 0x0e, 0x3e, 0x16, 0xb7, 0x1b, 0x74, 0x1e,
  0xb7, 0x1b, 0x3d, 0x16, 0xae, 0x0d, 0xa4, 0x02, 0x48, 0xf7, 0xd8, 0xec,
  0x49, 0xe4, 0x2d, 0xe0, 0xcf, 0xde, 0xeb, 0xe2, 0xc3, 0xe9, 0x60, 0xf4,
  0xc8, 0x00, 0xff, 0x0c, 0x9b, 0x17, 0xd3, 0x1f, 0x8f, 0x22, 0x90, 0x22,
  0x16, 0x1d, 0xd7, 0x13, 0x08, 0x08, 0x23, 0xfb, 0xe6, 0xee, 0x48, 0xe4,
  0x70, 0xdd, 0xb3, 0xda, 0x71, 0xdd, 0x49, 0xe4, 0xe5, 0xee, 0x79, 0xfb,
  0x10, 0x09, 0x3d, 0x16, 0xd3, 0x1f, 0x4d, 0x25, 0x4d, 0x25, 0x8f, 0x22,
  0xfa, 0x18, 0xae, 0x0d, 0x47, 0x00, 0x52, 0xf2, 0x06, 0xe7, 0x70, 0xdd,
  0x55, 0xd9, 0xb3, 0xda, 0x2e, 0xe0, 0xc3, 0xe9, 0x41, 0xf6, 0xd7, 0x03,
  0x1b, 0x11, 0xb7, 0x1b, 0xee, 0x23, 0xab, 0x26, 0xee, 0x23, 0x15, 0x1d,
  0x79, 0x12, 0xa3, 0x05, 0xf8, 0xf7, 0x79, 0xeb, 0x8c, 0xe1, 0x12, 0xdc,
  0xb4, 0xda, 0xcf, 0xde, 0x06, 0xe7, 0xa3, 0xf1, 0x99, 0xfe, 0xa0, 0x0b,
  0x3d, 0x16, 0x74, 0x1e, 0x90, 0x22, 0x90, 0x22, 0x16, 0x1d, 0x36, 0x15,
  0xbe, 0x09, 0x88, 0xfd, 0xa3, 0xf1, 0x65, 0xe8, 0x8c, 0xe1, 0xcf, 0xde,
  0x2d, 0xe0, 0x06, 0xe7, 0x94, 0xef, 0x5e, 0xfa, 0xa3, 0x05, 0xbc, 0x0f,
  0x9c, 0x17, 0x15, 0x1d, 0x74, 0x1e, 0x58, 0x1a, 0x87, 0x14, 0xa0, 0x0b,
  0xea, 0x01, 0xf8, 0xf7, 0x95, 0xef, 0x65, 0xe8, 0xa8, 0xe5, 0xa8, 0xe5,
  0xc3, 0xe9, 0x44, 0xf0, 0x4f, 0xf8, 0x0f, 0x01, 0x67, 0x09, 0x6b, 0x10,
  0x87, 0x14, 0x3d, 0x16, 0x36, 0x15, 0x1b, 0x11, 0xf1, 0x0a, 0x2e, 0x04,
  0x04, 0xfd, 0x99, 0xf6, 0xa2, 0xf1, 0xe6, 0xee, 0x36, 0xee, 0x44, 0xf0,
  0xb0, 0xf3, 0xfe, 0xf8, 0x84, 0xfe, 0xd7, 0x03, 0x61, 0x08, 0xa1, 0x0b,
  0xff, 0x0c, 0x50, 0x0c, 0xf1, 0x0a, 0x59, 0x07, 0xab, 0x03, 0xd4, 0xff,
  0x55, 0xfc, 0xae, 0xf9, 0x4f, 0xf8, 0xf8, 0xf7, 0xa7, 0xf8, 0x5c, 0xfa,
  0x81, 0xfc, 0xb0, 0xfe, 0x9b, 0x00, 0x16, 0x02, 0xd0, 0x02, 0xfc, 0x02,
  0xa4, 0x02, 0xd4, 0x01, 0xff, 0x00, 0x52, 0x00, 0xfb, 0xff, 0x0b, 0x00,
  0x86, 0x00, 0x51, 0x01, 0x2c, 0x02, 0xd0, 0x02, 0x27, 0x03, 0xd0, 0x02,
  0xbe, 0x01, 0x1b, 0x00, 0x16, 0xfe, 0xd2, 0xfb, 0xae, 0xf9, 0x50, 0xf8,
  0xf7, 0xf7, 0xa7, 0xf8, 0x5d, 0xfa, 0x5c, 0xfd, 0xe9, 0x00, 0xde, 0x04,
  0x5f, 0x08, 0xa0, 0x0b, 0x00, 0x0d, 0xff, 0x0c, 0xf1, 0x0a, 0x5a, 0x07,
  0x79, 0x02, 0xd8, 0xfc, 0x49, 0xf7, 0x51, 0xf2, 0x95, 0xef, 0x36, 0xee,
  0x95, 0xef, 0x01, 0xf3, 0x4f, 0xf8, 0xf1, 0xfe, 0x52, 0x06, 0xfe, 0x0c,
  0x79, 0x12, 0x3d, 0x16, 0x3d, 0x16, 0xd7, 0x13, 0x5d, 0x0e, 0x02, 0x07,
  0x84, 0xfe, 0xea, 0xf5, 0x36, 0xee, 0x65, 0xe8, 0xa7, 0xe5, 0x06, 0xe7,
  0xca, 0xea, 0xa2, 0xf1, 0xb5, 0xfa, 0xde, 0x04, 0x5e, 0x0e, 0x3d, 0x16,
  0xb7, 0x1b, 0x74, 0x1e, 0xb7, 0x1b, 0x3c, 0x16, 0xff, 0x0c, 0x78, 0x02,
  0x49, 0xf7, 0xd8, 0xec, 0x49, 0xe4, 0x2d, 0xe0
};
unsigned int samples_dsound_sample_assets_ringingsound_pcm_len = 27680;
